コード,銘柄名,price,volume,marketCapacity,pbr,per
1301,極洋,4950,21900,58792828928,0.83508986,8.591065
1333,マルハニチロ,1307,436100,197588942848,0.852257,9.016903
1375,ユキグニファクトリー,1055,33700,42067103744,3.500239,50.0
1377,サカタのタネ,4335,111000,187530870784,1.14274,19.492783
1379,ホクト,2025,69100,63380602880,1.0855447,11.507644
1414,ショーボンドホールディングス,1369,922400,279122051072,2.7073956,18.761135
1417,ミライト・ワン,3616,220800,320595722240,1.2358507,16.025528
1419,タマホーム,3450,534500,100009320448,3.8909583,67.567566
1429,日本アクア,881,43300,28385140736,2.6386645,13.869647
1433,ベステラ,1286,90000,11714304000,2.1528742,22.728878
1515,日鉄鉱業,2624,867800,206462091264,1.3978757,21.052631
1518,三井松島ホールディングス,1442,203500,55409655808,1.058194,7.102399
1662,石油資源開発,1755,4129100,449206288384,0.83044887,5.173329
1663,Ｋ＆Ｏエナジーグループ,3830,135900,102217080832,0.9944903,12.870056
167A,リョーサン菱洋ホールディングス,3080,122300,123512594432,0.93129885,16.722773
1719,安藤・間,1979,627500,310239494144,1.6925089,11.723239
1720,東急建設,1339,168600,141865779200,1.3780115,21.365885
1726,ビーアールホールディングス,356,75500,16117055488,1.0628483,14.104596
1762,高松コンストラクショングループ,4115,27800,143277998080,1.0217576,13.755181
1766,東建コーポレーション,14890,7600,200175845376,1.4585398,11.890597
1780,ヤマウラ,1510,22500,28580114432,1.1555457,8.130081
1786,オリエンタル白石,417,144200,53639819264,1.024326,15.037866
1813,不動テトラ,2743,80100,41478516736,1.1955836,13.7548895
1814,大末建設,3940,75100,40933457920,1.7081944,13.850318
1815,鉄建建設,4850,112300,67561820160,0.89187247,19.960491
1820,西松建設,5869,87100,231737933824,1.3120189,12.870049
1833,奥村組,6440,171700,231007846400,1.2457887,17.88889
1835,東鉄工業,4710,51800,162221031424,1.3149893,12.658228
1852,淺沼組,1074,211200,86700752896,1.8419522,14.642127
1860,戸田建設,1327,602500,400048357376,1.1104233,12.953747
1861,熊谷組,1630,1954300,280082219008,1.5164667,20.32419
1870,矢作建設工業,2391,93800,102902472704,1.4080609,9.881391
1871,ピーエス・コンストラクション,2968,147100,138961321984,2.307101,15.69872
1873,日本ハウスホールディングス,322,58900,12879417344,0.5908257,58.122746
1878,大東建託,3035,1476200,1005670105088,2.0812461,10.638297
1879,新日本建設,2064,56200,120722620416,0.95921206,8.841672
1882,東亜道路工業,1756,272100,81147453440,1.5662503,20.324074
1885,東亜建設工業,3060,801700,236547162112,2.23731,15.197417
1887,日本国土開発,553,205700,44047917056,0.6574575,33.333332
1888,若築建設,4765,13700,60629491712,1.262562,13.793203
1893,五洋建設,1634,2406300,446938972160,2.4704027,23.095945
1898,世紀東急工業,1677,122500,61432479744,1.4769202,13.754922
1899,福田組,7970,44200,65990324224,0.7511811,12.210069
1911,住友林業,1579,5942700,965630230528,1.0575497,8.741142
1926,ライト工業,3430,72200,146849185792,1.7188148,13.7739935
1929,日特建設,1337,73300,55846232064,1.605653,16.639702
1930,北陸電気工事,1524,39400,41913876480,0.9611291,13.532232
1934,ユアテック,2856,107300,196171333632,1.3283813,16.181303
1938,日本リーテック,2375,24700,58853801984,0.92460376,11.737089
1939,四電工,1598,71700,75641266176,1.1347836,14.858205
1941,中電工,4550,73300,246446620672,1.055464,11.6412945
1942,関電工,5533,1031700,1130983063552,2.8880193,21.93024
1944,きんでん,7235,517700,1433555435520,2.326944,23.980774
1945,東京エネシス,1937,127200,64182386688,0.9188569,17.211658
1946,トーエネック,2001,206700,185758777344,1.3246436,12.300221
1949,住友電設,9700,24200,341207810048,2.859533,26.666666
1950,日本電設工業,3515,70200,205178650624,1.0403068,13.140678
1951,エクシオグループ,2675,570600,547690577920,1.7024878,18.01832
1952,新日本空調,3255,102400,147847069696,2.005271,12.626067
1959,クラフティア,8064,255200,570407321600,1.7685953,18.621836
1961,三機工業,6030,272700,308121436160,2.8885176,17.211851
1964,中外炉工業,4480,13700,32423700480,1.1532116,9.284974
1968,太平電業,2247,105800,141796179968,1.2082919,15.504037
1969,高砂熱学工業,4695,301700,614411337728,3.2022774,15.649478
1975,朝日工業社,3620,52900,93297811456,2.1322777,13.175135
1976,明星工業,1760,48800,81035018240,1.2124093,11.402656
1979,大氣社,3415,84500,215143628800,1.448394,17.153048
1980,ダイダン,2664,628900,344672960512,2.967303,14.005572
1982,日比谷総合設備,4995,22500,107705204736,1.4872724,17.88912
2001,ニップン,2456,381000,205958299648,0.7792385,10.798927
2004,昭和産業,3085,125900,100256202752,0.70450646,10.235567
2053,中部飼料,1756,36100,51841265664,0.7405989,14.814815
2060,フィード・ワン,1082,58500,41407639552,0.71687865,8.0
2108,日本甜菜製糖,3955,39900,47810764800,0.6532314,0.0
2109,ＤＭ三井製糖,3375,25200,105019203584,0.93003184,19.156546
2117,ウェルネオシュガー,2863,18200,93762543616,1.2373788,16.474854
2120,ＬＩＦＵＬＬ,188,1272600,24089436160,0.9257344,9.670782
2121,ＭＩＸＩ,2781,239200,181061025792,1.0515716,11.098695
2124,ジェイエイシーリクルートメント,1067,211600,169015492608,7.9761386,24.156668
2127,日本Ｍ＆Ａセンターホールディングス,742,1453800,235739955200,4.9231606,18.656454
212A,フィットイージー,2718,121700,44902039552,7.636054,36.899265
2130,メンバーズ,1357,85500,17345480704,3.1100955,20.0
2146,ＵＴグループ,205,3647300,117190803456,3.7977028,21.421108
2148,アイティメディア,1644,96900,31932319744,4.0080748,23.09313
2153,Ｅ・Ｊホールディングス,1811,39700,32608917504,0.9190229,8.873101
2154,オープンアップグループ,1859,232400,157766844416,2.1404917,12.886456
2157,コシダカホールディングス,1254,489400,103359176704,2.9641955,21.096905
2163,アルトナー,2213,39600,23513927680,4.7620277,17.301228
2168,パソナグループ,2037,77800,75812511744,0.59355015,0.0
2170,リンクアンドモチベーション,526,302700,56018993152,3.9003124,14.70506
2175,エス・エム・エス,1386,233900,113763500032,2.5870614,15.673414
2181,パーソルホールディングス,292,4248200,652977635328,3.1324916,16.889788
2198,アイ・ケイ・ケイホールディングス,799,33500,22891247616,1.9121192,17.987394
2201,森永製菓,2705,450900,227276505088,1.7451737,13.459051
2206,江崎グリコ,5464,309900,347855978496,1.278951,42.373013
2207,ｍｅｉｔｏ,2520,100200,41389572096,0.7153604,12.121212
2209,井村屋グループ,2518,15500,32223158272,1.3792982,12.531104
2211,不二家,2525,63300,65083539456,1.1268291,39.214165
2212,山崎製パン,3309,310900,653709148160,1.5145786,17.544138
2217,モロゾフ,1555,24600,31600482304,1.6567616,26.454576
2220,亀田製菓,3810,37400,80326647808,0.8508998,2.9850748
2222,寿スピリッツ,1854,347200,286318854144,7.1043463,23.641928
2229,カルビー,2980,357800,362331799552,1.811527,21.881195
2264,森永乳業,3775,256300,305364697088,1.1460005,29.499102
2266,六甲バター,1190,24900,23184617472,0.7406591,68.50892
2267,ヤクルト本社,2508,1259800,735467405312,1.3087633,17.512743
2270,雪印メグミルク,3340,167900,205192773632,0.89828795,13.53158
2281,プリマハム,2785,140100,139981537280,1.1531838,23.474377
2288,丸大食品,2207,27600,54027620352,0.768526,12.225115
2292,Ｓ　Ｆｏｏｄｓ,2765,35100,87577542656,0.7100901,15.624999
2294,柿安本店,2683,18600,25697460224,1.7788639,37.176113
2296,伊藤ハム米久ホールディングス,5740,111600,325749997568,1.1348433,19.920181
2301,学情,1789,53300,24010102784,1.6136335,12.180011
2307,クロスキャット,1073,11800,15017815040,2.4988065,10.787172
2317,システナ,516,538000,184447205376,5.1586585,22.270176
2325,ＮＪＳ,5000,42100,47615561728,1.6598998,18.903591
2326,デジタルアーツ,6150,90900,82792439808,4.7193556,26.953587
2327,日鉄ソリューションズ,4444,202000,813169377280,3.0566716,30.303444
2331,ＡＬＳＯＫ,1246,720300,605682794496,1.7359393,19.01129
2335,キューブシステム,1128,12300,17119730688,1.532515,14.727772
2337,いちご,453,828000,186201292800,1.6533269,10.51532
2353,日本駐車場開発,269,1419700,85230231552,4.82901,17.957277
2359,コア,2098,6200,30145114112,1.5746506,12.437753
2371,カカクコム,2338,883100,462640119808,7.6830077,23.363974
2374,セントケア・ホールディング,1212,29900,29884985344,1.7358848,17.331617
2378,ルネサンス,1114,28000,21072359424,1.7598431,44.04903
2379,ディップ,2251,183400,117765357568,3.1494145,15.432607
2384,ＳＢＳホールディングス,3895,43300,154699153408,1.6248713,26.1094
2389,デジタルホールディングス,2014,36700,35164254208,1.2694603,19.723827
2395,新日本科学,1643,265000,68401106944,1.8060662,14.7064085
2410,キャリアデザインセンター,2527,29600,13296025600,2.8726943,12.04825
2429,ワールドホールディングス,2774,88400,49635270656,1.0410053,7.189136
2433,博報堂ＤＹホールディングス,1200,447200,432204546048,1.1457962,27.471395
2445,タカミヤ,440,94200,20171913216,0.9052194,16.023308
2461,ファンコミュニケーションズ,511,45900,33852946432,1.9651655,26.381
2462,ライク,1533,20700,29418369024,1.681666,14.025618
2471,エスプール,279,481200,21790918656,2.2872791,12.062257
2475,ＷＤＢホールディングス,1661,7900,32620322816,0.99909115,10.695428
2491,バリューコマース,669,312700,14501463040,1.0369296,4.5269995
2492,インフォマート,422,1546600,95533064192,8.151281,75.22282
2531,宝ホールディングス,1626,548900,313612828672,1.3220115,24.692484
2533,オエノンホールディングス,499,113800,28117010432,1.1143392,8.584208
2540,養命酒製造,4450,40500,61690544128,1.2970006,83.33333
256A,飛島ホールディングス,2451,88500,46944194560,0.9192849,12.61062
2579,コカ・コーラ　ボトラーズジャパンホールディングス,3291,988900,545364443136,1.4347827,0.0
2585,ライフドリンク　カンパニー,1736,476500,90077536256,5.8115597,24.754028
2587,サントリー食品インターナショナル,4835,479400,1494013575168,1.192907,16.948856
2590,ダイドーグループホールディングス,2519,136100,79714713600,0.85908073,0.0
2593,伊藤園,3028,374000,348751200256,1.9023339,24.692163
25935,伊藤園第１種優先株式,1832,25700,307689881600,1.1509497,14.947781
2594,キーコーヒー,2000,52500,42846904320,1.3712766,73.52941
2602,日清オイリオグループ,5330,45200,164250451968,0.8315886,7.17362
2607,不二製油,3871,172100,332838535168,1.5175929,38.021805
2613,Ｊ－オイルミルズ,2036,44400,67349938176,0.62898403,13.003768
262A,インターメスティック,1893,206900,57925799936,2.219549,14.34743
2659,サンエー,3015,189800,186470678528,1.2125098,16.339691
2664,カワチ薬品,3030,41900,67672772608,0.5878302,14.641218
2670,エービーシー・マート,2540,1396300,629070102528,1.6448636,13.812321
2674,ハードオフコーポレーション,2029,38500,28195360768,1.5514972,12.706664
2676,高千穂交易,2037,43000,38050263040,2.2436614,44.83821
2678,アスクル,1411,281400,126339530752,1.8041148,14.793458
2681,ゲオホールディングス,1892,96700,75270332416,0.8095846,15.266683
2685,アンドエスティＨＤ,2854,205100,131649863680,1.6107259,15.266931
268A,リガク・ホールディングス,1200,821300,271907274752,3.3522737,25.773195
2692,伊藤忠食品,11340,9000,143869542400,1.1798679,17.54386
2695,くら寿司,3355,267900,133342879744,2.0522776,37.034996
2726,パルグループホールディングス,1988,785800,345208782848,4.6132355,27.398016
2730,エディオン,2110,221100,223111725056,0.97240174,16.694359
2733,あらた,3070,41200,102776356864,0.85137564,10.695002
2734,サーラコーポレーション,1152,238600,73978167296,0.8524487,14.814815
2737,トーメンデバイス,12580,101300,85555552256,1.6476754,13.495248
2742,ハローズ,4620,17700,98574082048,1.3130296,11.025464
2749,ＪＰホールディングス,721,168100,61702545408,3.0363903,16.41995
2752,フジオフードグループ本社,1101,203200,56445476864,6.546674,667.27277
2753,あみやき亭,1399,58800,28743532544,1.3016727,19.723671
2760,東京エレクトロン　デバイス,3305,101200,97089044480,2.055099,13.793247
2767,円谷フィールズホールディングス,1800,310200,112015515648,1.9360418,6.285355
2784,アルフレッサ　ホールディングス,2523,280700,458476158976,0.9398489,18.587004
2791,大黒天物産,5770,49600,79908110336,1.2978417,11.876583
2792,ハニーズホールディングス,1485,175600,41394040832,0.8575656,12.091849
2804,ブルドックソース,1914,30600,24311087104,1.007598,9.930476
2809,キユーピー,4206,456000,567892049920,1.8612176,21.097511
2810,ハウス食品グループ本社,2900,170700,266677927936,0.9287318,21.59878
2811,カゴメ,2703,218400,245645819904,1.3746727,18.51839
2815,アリアケジャパン,5360,40100,170708107264,1.3215095,16.666666
285A,キオクシアホールディングス,12690,30583300,6860590022656,8.361033,44.05332
2874,横浜冷凍,1220,132100,71973011456,0.89167076,36.363636
2875,東洋水産,10710,470100,1043407175680,2.1385305,17.006748
2882,イートアンドホールディングス,2044,18100,23214923776,2.0891764,78.13456
2884,ヨシムラ・フード・ホールディングス,740,82400,17667119104,1.534003,11.147937
2897,日清食品ホールディングス,2912,967700,835910959104,1.7351376,17.667757
2908,フジッコ,1605,34000,45697077248,0.66055334,34.127155
2910,ロック・フィールド,1354,40300,35394510848,1.2395636,302.9083
2915,ケンコーマヨネーズ,1956,24200,28161970176,0.71504945,11.890577
2918,わらべや日洋ホールディングス,3220,340300,55757139968,0.95278794,14.492754
2922,なとり,1926,19200,24233803776,0.9140694,28.491125
2929,ファーマフーズ,683,168600,19719591936,2.1024053,53.193146
2930,北の達人コーポレーション,145,425900,20219258880,2.5477931,21.229868
2931,ユーグレナ,407,764800,55587442688,1.793718,0.0
2933,紀文食品,1085,31900,24770197504,1.3102456,15.575652
2935,ピックルスホールディングス,1299,61700,16274170880,0.82031196,13.280851
2975,スター・マイカ・ホールディングス,1398,204700,47440236544,1.6411282,12.150183
2980,ＳＲＥホールディングス,3270,152600,52695760896,3.8650243,49.74897
2982,ＡＤワークスグループ,435,830300,21153488896,1.044152,9.208298
3002,グンゼ,4425,192800,141570211840,1.2963417,54.941643
3003,ヒューリック,1782,1988900,1353487613952,1.5888749,13.157895
3028,アルペン,2240,142000,86349062144,0.7156216,15.480305
3031,ラクーンホールディングス,665,109900,13520602112,2.8933423,16.000961
3034,クオールホールディングス,2098,177600,78712897536,1.4479661,10.482139
3036,アルコニックス,2697,227400,81004937216,1.1607618,17.181627
3038,神戸物産,3856,1257900,853470281728,5.2970304,26.953726
3040,ソリトンシステムズ,2046,70000,37926907904,3.0588446,22.07596
3046,ジンズホールディングス,5290,430700,123477172224,3.882341,14.814608
3048,ビックカメラ,1704,471200,291842424832,1.7312319,16.72226
3050,ＤＣＭホールディングス,1635,264800,228372856832,0.74041635,12.468542
3064,ＭｏｎｏｔａＲＯ,2381,1778900,1183132942336,10.356992,40.48631
3076,あい　ホールディングス,2834,92200,150977757184,1.3598039,6.9588704
3087,ドトール・日レスホールディングス,2632,112800,110603091968,1.0844078,17.211615
3088,マツキヨココカラ＆カンパニー,2653,1465200,1055899975680,2.0219223,18.975258
3091,ブロンコビリー,3860,34900,57464684544,2.7173913,33.221447
3093,トレジャー・ファクトリー,1760,235900,41247506432,3.671815,14.705882
3097,物語コーポレーション,4395,124600,169288302592,4.1003757,26.954922
3101,東洋紡,1275,273900,112512835584,0.56588876,14.74841
3103,ユニチカ,330,2508700,19025934336,0.5968918,0.0
3104,富士紡ホールディングス,8330,59600,93761224704,1.9014648,17.985535
3105,日清紡ホールディングス,1344,509500,209931632640,0.7709366,16.366293
3106,倉敷紡績,8960,82200,144827449344,1.1903836,12.674343
3107,ダイワボウホールディングス,3106,237600,271578529792,1.7073457,9.008904
3109,シキボウ,1079,62400,13698314240,0.3906103,14.346497
3110,日東紡績,12540,3979400,456533737472,3.3521085,31.949045
3116,トヨタ紡織,2535,448100,452902944768,0.9790359,21.929066
3132,マクニカホールディングス,2477,418300,442300694528,1.6978592,21.007547
3135,マーケットエンタープライズ,1471,50300,7872718336,6.2397137,16.583992
3139,ラクト・ジャパン,3540,52600,35297951744,1.1660982,8.244061
3148,クリエイトＳＤホールディングス,3355,72500,216740593664,1.5067337,13.812269
3150,グリムス,2506,27000,57893634048,3.318067,12.239914
3151,バイタルケーエスケー・ホールディングス,1445,85400,69904900096,0.64530766,7.1122704
3153,八洲電機,2938,36300,62592925696,1.9966483,13.22768
3154,メディアスホールディングス,809,15700,17989943296,0.8966622,13.071579
3156,レスター,2843,31200,79938846720,0.92141074,16.778801
3167,ＴＯＫＡＩホールディングス,1079,257000,140198559744,1.4672846,13.512836
3176,三洋貿易,1536,39900,44252422144,0.86228436,9.633718
3179,シュッピン,1145,172000,24307785728,2.6137912,19.646534
3180,ビューティガレージ,1620,37600,20323241984,2.5683343,21.739132
3182,オイシックス・ラ・大地,1515,113800,52620259328,1.7714906,24.039988
3183,ウイン・パートナーズ,1337,20900,38224744448,1.6467179,17.39074
3186,ネクステージ,3370,695500,263421706240,3.329362,20.833334
3191,ジョイフル本田,2135,131100,128654467072,1.052889,15.797263
3193,エターナルホスピタリティグループ,3400,48300,39217553408,3.8110523,22.779043
3196,ホットランドホールディングス,1990,67200,42310832128,3.7196329,72.46905
3197,すかいらーくホールディングス,3375,764100,767819513856,4.190355,49.26288
3198,ＳＦＰホールディングス,2210,43200,50395963392,5.623925,38.46154
3199,綿半ホールディングス,1495,27100,28985083904,1.2033501,14.793193
3201,日本毛織,1829,60200,122548985856,0.9829623,14.265657
3221,ヨシックスホールディングス,3095,29400,31742902272,2.5522952,17.006428
3231,野村不動産ホールディングス,1008,2970500,864318849024,1.1553578,13.623463
3232,三重交通グループホールディングス,551,88000,55387668480,0.829281,9.2933035
3245,ディア・ライフ,1150,367300,56944402432,1.7812556,9.398497
3252,地主,3255,140000,67322277888,1.4864486,21.459654
3276,ＪＰＭＣ,1292,34700,21553930240,2.423124,11.299633
3284,フージャースホールディングス,1335,201900,54603722752,1.1789641,10.394768
3288,オープンハウスグループ,9443,218300,1058967912448,1.9729322,10.810781
3291,飯田グループホールディングス,2563,434400,708234379264,0.7139359,13.698557
3302,帝国繊維,3135,21900,80601161728,1.1516773,22.172714
3315,日本コークス工業,114,3570000,33176684544,0.80204314,0.0
3333,あさひ,1318,57900,34323251200,0.8397301,11.751069
3349,コスモス薬品,7642,515900,605684039680,2.3059976,19.56928
3360,シップヘルスケアホールディングス,2670,166100,245736570880,1.6964937,16.72198
3371,ソフトクリエイトホールディングス,2229,27100,55638044672,2.4123323,15.408544
3387,クリエイト・レストランツ・ホールディングス,791,899900,332991987712,7.8413877,59.518436
3388,明治電機工業,2408,13100,30708393984,0.86414886,9.871685
3391,ツルハホールディングス,2581,8798500,1172353318912,2.1035485,38.312557
3393,スターティアホールディングス,2915,17700,27256651776,3.6211855,14.598358
3395,サンマルクホールディングス,2754,55600,59014848512,1.9501307,30.579615
3397,トリドールホールディングス,4307,241600,378404241408,4.1678724,81.96004
3415,ＴＯＫＹＯ　ＢＡＳＥ,467,372200,20295571456,3.6005614,20.829617
3431,宮地エンジニアリンググループ,1922,106500,50969501696,1.2238164,11.560903
3433,トーカロ,2352,260200,139870486528,2.2327487,15.673731
3443,川田テクノロジーズ,4655,65800,81183293440,0.877145,8.741291
3445,ＲＳ　Ｔｅｃｈｎｏｌｏｇｉｅｓ,3755,98300,99369164800,1.3561537,10.581936
3457,Ａｎｄ　Ｄｏホールディングス,1068,47600,21314508800,1.2128439,9.008857
3465,ケイアイスター不動産,6650,24400,103211524096,1.5774584,8.912656
3475,グッドコムアセット,1324,230600,37923139584,2.671838,9.487638
3480,ジェイ・エス・ビー,3440,17400,72612511744,1.7408096,12.546959
3482,ロードスターキャピタル,3060,72400,50838532096,1.7005782,6.116208
3484,イノベーションホールディングス,1233,9700,20682020864,4.862927,16.285828
3486,グローバル・リンク・マネジメント,2140,54100,34066651136,2.384417,6.0458813
3496,アズーム,5240,25500,64306192384,9.420767,34.601162
3498,霞ヶ関キャピタル,7450,375200,177040130048,4.021525,14.5348835
3501,ＳＵＭＩＮＯＥ,1293,84100,17125539840,0.54978794,25.772375
3539,ＪＭホールディングス,1662,86300,84691992576,1.8674746,13.19257
3543,コメダホールディングス,3025,118900,137671458816,2.8883135,22.93578
3546,アレンザホールディングス,1272,84900,38189588480,1.1900028,13.210094
3548,バロックジャパンリミテッド,787,85500,28317046784,2.028152,0.0
3549,クスリのアオキホールディングス,4480,470600,426166550528,3.2039247,23.9803
3561,力の源ホールディングス,1451,84400,43668574208,3.8467758,21.928368
3563,ＦＯＯＤ　＆　ＬＩＦＥ　ＣＯＭＰＡＮＩＥＳ,8742,855300,990071291904,10.116287,43.668514
3569,セーレン,3015,192000,176820912128,1.2105988,11.792545
3580,小松マテーレ,880,119200,33986582528,0.886257,23.41671
3591,ワコールホールディングス,4571,146700,225670823936,1.1353137,21.412846
3593,ホギメディカル,6690,65600,144234872832,1.9678948,227.24184
3608,ＴＳＩホールディングス,1099,300600,63994875904,0.69193566,4.574592
3612,ワールド,3130,278100,113917026304,1.2328125,8.896848
3626,ＴＩＳ,5102,736300,1142574809088,3.450006,22.321388
3632,グリーホールディングス,413,392000,70767050752,0.77085745,59.855072
3635,コーエーテクモホールディングス,1914,1516300,639442354176,2.570891,17.54354
3636,三菱総合研究所,5000,17100,78749163520,1.0949094,12.330456
3649,ファインデックス,956,96000,23337086976,4.466851,21.32025
3655,ブレインパッド,2690,101400,56191012864,9.978818,54.048622
3656,ＫＬａｂ,371,4903700,28266706944,3.1015918,0.0
3657,ポールトゥウィンホールディングス,336,89600,11881042944,1.062004,0.0
3660,アイスタイル,490,1164300,48858071040,2.3377752,24.810127
3661,エムアップホールディングス,923,371700,65473626112,7.8233595,26.04402
3662,エイチームホールディングス,1268,98200,23543105536,2.61335,25.314434
3663,セルシス,1627,133200,48803356672,9.451664,37.592422
3665,エニグモ,488,611200,19360229376,1.520325,76.9716
3668,コロプラ,453,387700,58188685312,0.84413344,0.0
3673,ブロードリーフ,748,144000,67388858368,2.8257232,88.52071
3675,クロス・マーケティンググループ,649,18900,12592717824,3.1843226,9.083276
3676,デジタルハーツホールディングス,950,108400,21183862784,2.2993457,22.727274
3678,メディアドゥ,1804,34500,27384315904,1.4938796,12.610094
3679,じげん,492,165200,49094733824,2.3798928,12.452544
3681,ブイキューブ,154,19044100,3985123840,5.1762967,0.0
3687,フィックスターズ,1583,288500,51056275456,6.190897,26.247719
368A,北里コーポレーション,1649,203300,65960001536,3.582057,16.949327
3694,オプティム,525,182500,28926785536,3.241101,21.73913
3696,セレス,1943,169800,22422988800,1.6991916,9.478511
3708,特種東海製紙,1687,81600,58789613568,0.72477776,15.479904
3741,セック,3310,154300,33793816576,3.5798528,24.095509
3762,テクマトリックス,2397,141900,96298868736,3.759033,21.692308
3763,プロシップ,1726,62600,43774701568,4.598669,17.211807
3765,ガンホー・オンライン・エンターテイメント,2586,225800,140515655680,1.1421975,28.011265
3769,ＧＭＯペイメントゲートウェイ,9945,173100,754364710912,6.6750255,34.96467
3771,システムリサーチ,2011,23900,33352341504,2.7858627,13.792867
3774,インターネットイニシアティブ,2711,489800,480557498368,3.238759,21.45967
3778,さくらインターネット,2735,263700,109460643840,3.72315,66.65855
3788,ＧＭＯグローバルサイン・ホールディングス,2316,16500,26591481856,2.7453542,34.963768
3817,ＳＲＡホールディングス,5390,41400,68096663552,2.131418,17.730263
3834,朝日ネット,706,33600,18294587392,1.4211608,12.469092
3835,ｅＢＡＳＥ,457,50100,20289490944,2.8758597,17.921568
3836,アバントグループ,1834,80800,66933063680,4.301852,19.494047
3837,アドソル日進,1650,47400,28827842560,3.7575407,21.929825
3843,フリービット,1706,26000,37228871680,4.6664424,11.350632
3844,コムチュア,1719,90800,54824976384,2.8683128,16.694183
3853,アステリア,991,366700,16356697088,2.5432427,14.620832
3854,アイル,2592,29400,64876433408,5.711893,18.349144
3863,日本製紙,1189,350600,137367404544,0.29277754,7.7758155
3864,三菱製紙,673,100800,29483474944,0.35658878,8.944711
3865,北越コーポレーション,949,174900,159653838848,0.60550606,13.735708
3877,中越パルプ工業,2027,15600,25470349312,0.43790573,35.586376
3880,大王製紙,980,367900,163114336256,0.6984549,0.0
3901,マークラインズ,1549,64100,19744360448,3.126678,13.29842
3902,メディカル・データ・ビジョン,1688,274500,63902236672,22.26766,0.0
3903,ｇｕｍｉ,371,682800,18921123840,0.9737993,6.493961
3915,テラスカイ,2222,97200,28684636160,2.4899845,27.100866
3916,デジタル・インフォメーション・テクノロジー,1325,49000,39025577984,4.8781204,17.985613
3921,ネオジャパン,1894,17500,26549929984,3.7730362,15.624484
3922,ＰＲ　ＴＩＭＥＳ,2955,99400,39884812288,4.915072,22.883915
3923,ラクス,1070,1631600,385826029568,15.794991,36.234337
3924,ランドコンピュータ,967,14400,17359745024,2.837483,15.67515
3925,ダブルスタンダード,1736,13900,23463507968,3.8578637,15.848092
3926,オープンドア,329,44200,10203441152,2.543231,0.0
3932,アカツキ,2662,66100,38392078336,0.89326525,18.38271
3937,Ｕｂｉｃｏｍホールディングス,1057,26400,12814265344,2.3080466,13.0381155
3939,カナミックネットワーク,505,163300,23965933568,5.156165,21.553564
3941,レンゴー,1239,916600,307450806272,0.65895694,14.534475
3946,トーモク,3590,19700,59223920640,0.6205551,8.0128565
3950,ザ・パック,1300,106000,72537309184,0.9707702,12.787724
3962,チェンジホールディングス,1018,383400,70831366144,1.6837356,10.131369
3963,シンクロ・フード,709,78700,19882194944,4.2230535,42.20238
3964,オークネット,2147,75600,97355972608,3.9162183,17.730614
3968,セグエグループ,621,234900,19706736640,4.9754033,41.317368
3983,オロ,2225,106700,34674450432,3.5810392,19.493605
3984,ユーザーローカル,1996,55100,31841959936,3.6237803,22.523132
3992,ニーズウェル,585,171800,22152488960,4.6527534,25.0
3993,ＰＫＳＨＡ　Ｔｅｃｈｎｏｌｏｇｙ,3545,250300,110095622144,3.1926582,40.98266
3994,マネーフォワード,4669,394900,258345271296,6.8025727,0.0
4008,住友精化,5350,25700,69795356672,0.72091633,11.8907385
4022,ラサ工業,6620,119400,51684327424,1.7396734,12.315363
4023,クレハ,4270,317700,163196387328,0.9163805,21.881725
4025,多木化学,4005,36100,33233113088,0.8186682,12.642046
4027,テイカ,1224,170400,27929776128,0.46044934,11.600796
4028,石原産業,2785,140600,106540785664,0.91054285,7.9872665
4041,日本曹達,3670,58600,197911330816,1.0359358,13.037764
4044,セントラル硝子,3500,41000,86771933184,0.7412984,17.241379
4045,東亞合成,1695,209300,181900541952,0.879887,17.888796
4046,大阪ソーダ,2220,278700,274112086016,2.2879758,22.884237
4047,関東電化工業,1163,205200,66702643200,1.0072272,34.726784
4051,ＧＭＯフィナンシャルゲート,5240,23500,43255119872,6.914179,26.596285
4053,Ｓｕｎ　Ａｓｔｅｒｉｓｋ,466,79400,17740707840,1.7304636,20.573952
4064,日本カーバイド工業,2538,20000,23668121600,0.66143477,8.169967
4071,プラスアルファ・コンサルティング,2439,129500,103377870848,6.987718,31.153404
4072,電算システムホールディングス,3565,38500,38137298944,1.6140723,18.867426
4078,堺化学工業,3265,46800,49991229440,0.6482362,9.398388
4082,第一稀元素化学工業,1730,15646300,41908715520,1.1635227,32.678505
4088,エア・ウォーター,2301,525200,527401680896,1.0267514,10.729604
4091,日本酸素ホールディングス,4927,712600,2132673036288,1.9849542,19.919949
4092,日本化学工業,3085,160800,26949632000,0.565232,10.6156025
4095,日本パーカライジング,1438,142400,156097150976,0.8263489,12.77087
4097,高圧ガス工業,1141,56400,62987091968,0.7706445,12.920395
4099,四国化成ホールディングス,2680,92200,115908198400,1.3032001,14.084507
409A,オリオンビール,1356,343800,55581626368,3.1025345,11.90518
4109,ステラ　ケミファ,4580,36400,54119890944,1.2022903,18.553026
4112,保土谷化学工業,2304,53800,36647165952,0.71931934,19.646969
4114,日本触媒,2104,764400,310881648640,0.8221602,19.802353
4116,大日精化工業,4300,51500,73401090048,0.56918603,12.2399025
4118,カネカ,4516,167300,275708608512,0.58443546,10.869617
417A,ブルーゾーンホールディングス,8577,41700,349231087616,1.8041254,17.391216
4180,Ａｐｐｉｅｒ　Ｇｒｏｕｐ,1096,927000,111594700800,3.2722867,36.363636
4182,三菱瓦斯化学,2918,806500,568260165632,0.89731133,0.0
4186,東京応化工業,6039,747300,723955941376,3.3972354,26.810211
4187,大阪有機化学工業,3915,376100,79621029888,1.6019975,11.627907
4189,ＫＨネオケム,2447,349000,86012575744,1.2874373,10.009817
4194,ビジョナル,10245,106900,411192786944,5.6339593,26.52496
4202,ダイセル,1424,953600,369394122752,0.9960619,10.460588
4203,住友ベークライト,5152,175100,452016734208,1.4638451,23.041143
4204,積水化学工業,2712,1853100,1105044176896,1.3595586,15.974553
4205,日本ゼオン,1846,616400,353319780352,0.9927371,10.11116
4206,アイカ工業,3546,135600,222004592640,1.2737993,13.792835
4212,積水樹脂,2129,60700,63887818752,0.67939943,17.271032
4216,旭有機材,5230,21800,98239963136,1.270005,14.492754
4218,ニチバン,1974,8900,40185659392,0.93294466,22.27237
4220,リケンテクノス,1549,75200,73797951488,1.1950786,9.7846
4221,大倉工業,4745,60100,53602635776,0.8622941,12.269859
4228,積水化成品工業,414,86400,18877417472,0.42520544,0.0
4229,群栄化学工業,3895,12800,25848178688,0.5007396,13.550182
4246,ダイキョーニシカワ,817,712400,55788277760,0.66004467,8.057994
4249,森六,2451,16400,34983321600,0.55607635,0.0
4251,恵和,1308,65800,24581541888,1.0612439,9.033149
4272,日本化薬,1724,472100,258863349760,0.98398626,11.806602
4275,カーリット,2018,185600,45754462208,1.2165229,17.035286
4290,プレステージ・インターナショナル,745,121900,93421494272,1.9938926,17.857141
429A,テクセンドフォトマスク,3095,367700,307306299392,2.178772,22.675653
4301,アミューズ,1975,41100,32010592256,0.8610553,6.807293
4310,ドリームインキュベータ,2600,16000,22907195392,2.133482,21.097046
4318,クイック,930,71300,52192915456,2.6697135,17.008047
4323,日本システム技術,2430,60000,60067053568,3.9797964,20.833334
4326,インテージホールディングス,1760,17400,67211022336,2.06131,19.157505
4331,テイクアンドギヴ・ニーズ,802,73100,11710991360,0.6805948,4.4842043
4333,東邦システムサイエンス,1188,15200,20601810944,2.2684007,16.502293
4337,ぴあ,2691,21500,41269272576,4.454804,14.224548
4343,イオンファンタジー,2981,140300,58963202048,7.8365498,0.0
4344,ソースネクスト,144,2103400,19916666880,2.7486687,0.0
4345,シーティーエス,1065,64100,43998478336,3.1035085,17.857143
4362,日本精化,2863,32000,62084935680,1.2672353,13.908185
4368,扶桑化学工業,6430,96100,226757197824,2.0654287,17.574549
4369,トリケミカル研究所,3085,636900,100252590080,2.9042265,17.574343
4373,シンプレクス・ホールディングス,1014,447600,231096238080,4.586886,24.03983
4384,ラクスル,1858,553200,107651301376,6.5334196,40.64756
4390,ＩＰＳ,3060,29900,39965970432,2.6519337,12.690249
4392,ＦＩＧ,298,291000,9051569152,1.0482401,0.0
4396,システムサポートホールディングス,1546,83800,32028704768,5.2438245,21.882519
4401,ＡＤＥＫＡ,4045,322900,400255254528,1.3305207,15.847829
4403,日油,3049,498700,695526096896,2.4836411,20.449362
4410,ハリマ化成グループ,925,23100,22486958080,0.6084794,22.418808
4413,ボードルア,2325,238400,72421163008,11.546541,35.714287
4432,ウイングアーク１ｓｔ,3660,49400,126879170560,2.8608925,24.155226
4433,ヒト・コミュニケーションズ・ホールディングス,1061,34700,18930786304,1.0897297,22.17346
4443,Ｓａｎｓａｎ,1794,417700,226831564800,15.242012,555.41797
4446,Ｌｉｎｋ－Ｕグループ,1212,1030700,17177472000,6.7344556,0.0
4449,ギフティ,1312,278900,38947033088,4.2807546,0.0
4461,第一工業製薬,8360,72100,88462000128,1.9041692,23.041729
4462,石原ケミカル,2330,12300,31840897024,1.3782146,13.003684
4471,三洋化成工業,5130,166500,113484259328,0.76610744,8.326435
4480,メドレー,2390,166000,74423435264,4.598223,54.342884
4481,ベース,3295,26100,59762712576,4.3627305,14.4924345
4483,ＪＭＤＣ,3870,336100,253159440384,3.1847682,42.01498
4516,日本新薬,5675,633300,382500405248,1.4717385,11.976111
4521,科研製薬,4100,106400,155260796928,1.0504649,285.71426
4526,理研ビタミン,2990,42100,87987068928,1.0965358,9.469817
4527,ロート製薬,2577,646300,582310166528,2.116052,16.58408
4528,小野薬品工業,2272,2201700,1067865145344,1.32432,20.284746
4530,久光製薬,6441,760100,451170959360,1.6785327,23.923782
4534,持田製薬,3615,35200,128153444352,0.9478313,22.521961
4536,参天製薬,1676,648200,539283849216,1.9819831,18.083271
4538,扶桑薬品工業,2369,16000,20228104192,0.5948042,0.0
4540,ツムラ,4187,266200,311246192640,1.0584049,11.520788
4544,Ｈ．Ｕ．グループホールディングス,3486,245700,198068568064,1.4671823,71.935616
4547,キッセイ薬品工業,4780,78900,198143393792,0.9373845,13.966399
4548,生化学工業,727,159300,39696375808,0.5494842,0.0
4549,栄研化学,2463,128400,81200676864,1.8481168,21.053082
4552,ＪＣＲファーマ,707,556100,86242549760,1.7909752,0.0
4553,東和薬品,3620,103700,178204983296,0.9907873,8.628087
4554,富士製薬工業,1912,49900,46758412288,0.9969175,15.552301
4559,ゼリア新薬工業,2113,69900,93139951616,1.0160353,16.584255
4565,ネクセラファーマ,870,798900,78730452992,1.199135,0.0
4569,杏林製薬,1599,164000,91865219072,0.67326653,9.852125
4574,大幸薬品,305,262700,15309082624,1.8609248,0.0
4577,ダイト,1363,72500,40189153280,0.78341883,21.738438
4587,ペプチドリーム,1735,622500,224186236928,4.262376,0.0
4611,大日本塗料,1352,121000,38606839808,0.6011935,4.764254
4612,日本ペイントホールディングス,1058,4398400,2467233529856,1.5437526,16.583073
4613,関西ペイント,2498,551000,439905845248,1.6213067,13.966683
4617,中国塗料,4500,245100,223264915456,2.6080818,19.723866
4626,太陽ホールディングス,4777,228500,531588775936,4.967793,42.017765
4631,ＤＩＣ,3629,663300,343597187072,0.8370036,12.270083
4633,サカタインクス,2385,195300,117293039616,1.0469779,11.890517
4634,ａｒｔｉｅｎｃｅ,3485,71700,166226526208,0.6619688,12.210075
4641,アルプス技研,2709,43500,53146886144,2.804516,13.58712
4658,日本空調サービス,1328,85300,45994819584,1.6408553,13.209988
4662,フォーカスシステムズ,1836,112300,27178639360,1.9460325,17.699797
4665,ダスキン,4299,73300,202149904384,1.3181653,21.14193
4666,パーク２４,2225,1039600,379738652672,3.867198,26.108894
4668,明光ネットワークジャパン,729,41000,18417625088,1.4634587,10.65011
4674,クレスコ,1782,59300,71927611392,2.2724462,15.974898
4676,フジ・メディア・ホールディングス,3980,461300,827651653632,1.0279837,0.0
4680,ラウンドワン,1161,2896100,305326817280,4.132643,19.763485
4681,リゾートトラスト,1944,439800,412338946048,2.7890642,19.379923
4684,オービック,4843,1160700,2122411409408,4.3715343,30.48788
4686,ジャストシステム,5040,50000,323688005632,2.8760772,23.0949
4687,ＴＤＣソフト,1356,39900,63919935488,2.9247272,18.621258
4694,ビー・エム・エル,3840,77200,143937028096,1.1452659,21.096582
4709,ＩＤホールディングス,2190,14400,37175144448,2.5891607,14.1244755
4714,リソー教育グループ,205,1576700,34867093504,3.0302134,19.59847
4718,早稲田アカデミー,2292,11700,42348478464,2.7286396,16.948902
4719,アルファシステムズ,4085,9500,57347973120,1.2996024,16.750729
471A,ＮＳグループ,1335,265700,0,2.5253577,10.638298
4722,フューチャー,2008,107000,178061328384,2.9838016,17.730684
4725,ＣＡＣ　Ｈｏｌｄｉｎｇｓ,2063,52200,35294412800,1.0310953,10.406053
4732,ユー・エス・エス,1741,750800,806624821248,4.0810347,20.87629
4733,オービックビジネスコンサルタント,8490,61400,638250188800,3.8501236,37.878113
4743,アイティフォー,1713,36100,45350748160,2.330219,16.102652
4763,クリーク・アンド・リバー社,1534,290000,32445161472,1.7926278,10.822633
4765,ＳＢＩグローバルアセットマネジメント,625,240800,86231859200,2.73014,31.438633
4768,大塚商会,3196,866200,1211926970368,3.2547615,19.960032
4776,サイボウズ,2730,381500,126249197568,7.769477,23.865723
4784,ＧＭＯインターネット,928,2699000,254501289984,18.407585,67.589226
4792,山田コンサルティンググループ,1826,17600,34919198720,1.862754,14.598657
4801,セントラルスポーツ,2508,22000,28091138048,1.078976,27.175209
4809,パラカ,2058,24000,20875216896,0.9982412,10.204285
4812,電通総研,2717,246800,530297225216,5.570168,34.12888
4813,ＡＣＣＥＳＳ,598,169800,22405941248,3.0623481,0.0
4819,デジタルガレージ,2680,304000,122999930880,1.6335557,39.528023
4820,イーエムシステムズ,791,133800,54756347904,2.7164955,18.150528
4825,ウェザーニューズ,3895,86200,86496043008,3.819133,23.866423
4826,ＣＩＪ,564,891500,32102834176,2.2008812,21.600918
4828,ビジネスエンジニアリング,1687,126300,101003493376,6.7349076,30.303576
4839,ＷＯＷＯＷ,1489,77800,42194628608,0.6085091,18.586943
4845,スカラ,386,17900,6701671936,1.4626753,7.401726
4847,インテリジェント　ウェイブ,984,63300,25762754560,2.8239508,19.08456
4848,フルキャストホールディングス,1705,56300,59514982400,1.9762754,12.515599
4849,エン,1550,126100,60042956800,1.8382899,15.3146925
4880,セルソース,421,50900,8342444032,1.387191,0.0
4886,あすか製薬ホールディングス,2101,51000,59660255232,0.89236945,12.5
4887,サワイグループホールディングス,2400,291900,277165506560,1.5671822,24.813896
4912,ライオン,1673,733600,462978744320,1.5133826,22.174374
4914,高砂香料工業,1474,137200,143709323264,0.8638737,10.394922
4917,マンダム,2845,273800,128414785536,1.8437152,66.65886
4919,ミルボン,2425,86800,77068025856,1.6702644,25.0
4922,コーセー,5234,448300,298727211008,1.1044377,100.0
4923,コタ,1158,36300,32133877760,2.9794374,24.507936
4927,ポーラ・オルビスホールディングス,1315,514000,290966241280,1.8011256,45.251205
4928,ノエビアホールディングス,4645,44100,158655578112,2.9508533,19.762594
4931,新日本製薬,2030,30400,42925789184,1.8819664,16.863266
4933,Ｉ－ｎｅ,1352,243100,23642597376,1.3439912,9.224891
4951,エステー,1531,36100,31952267264,0.9426562,14.858307
4956,コニシ,1334,43000,88522162176,0.99741894,11.025704
4958,長谷川香料,2879,54100,116453613568,0.94428986,17.064785
4967,小林製薬,5488,198800,407971430400,1.9240661,35.33578
4968,荒川化学工業,1260,52300,24996796416,0.42681423,14.409881
4971,メック,4990,251000,91121172480,3.2183998,40.65173
4973,日本高純度化学,3760,137400,21751574528,1.3974671,15.847593
4974,タカラバイオ,820,200400,98740699136,0.9644722,0.0
4975,ＪＣＵ,4995,66300,123371626496,2.488581,14.727562
4980,デクセリアルズ,2712,770100,454352011264,4.445767,18.939394
4985,アース製薬,5040,48100,110111580160,1.4620528,20.746717
4996,クミアイ化学工業,693,584800,83454304256,0.57759863,19.048927
4997,日本農薬,1018,121300,79665430528,0.9936904,15.601533
5011,ニチレキグループ,2482,17600,70626590720,0.93190134,14.576848
5016,ＪＸ金属,2189,31043700,2027223777280,3.2175088,27.321516
5017,富士石油,478,58200,36920877056,0.5873138,0.0
5021,コスモエネルギーホールディングス,4341,311800,712439037952,1.2066771,12.004646
5032,ＡＮＹＣＯＬＯＲ,4730,775700,289070415872,10.424473,19.880632
5036,日本ビジネスシステムズ,1756,150900,79856795648,2.9505563,14.881356
5074,テスホールディングス,383,361600,27007619072,0.62595606,131.61511
5076,インフロニア・ホールディングス,2238,1389000,565427372032,1.033397,13.605422
50765,インフロニア・ホールディングス第１回社債型種類株式,4632,1800,0,2.1383493,0.0
5105,ＴＯＹＯ　ＴＩＲＥ,4418,766400,680359559168,1.3779174,10.288056
5110,住友ゴム工業,2574,2844100,676674011136,1.0221506,0.0
5121,藤倉コンポジット,2059,127700,40739729408,1.1033902,9.980127
5122,オカモト,5390,11800,92127256576,0.93346363,16.556087
5142,アキレス,1495,24700,20431585280,0.5158449,87.73473
5185,フコク,1988,27200,32060411904,0.76377964,13.716968
5186,ニッタ,4230,23100,114505187328,0.75604635,9.9403105
5191,住友理工,2590,66300,268904153088,1.2036569,9.233512
5192,三ツ星ベルト,3980,68300,111673131008,1.1405574,16.366478
5195,バンドー化学,2082,44300,84899356672,0.99786335,28.089584
5202,日本板硝子,638,2465100,63500201984,0.5805241,0.0
5208,有沢製作所,1745,130600,58074996736,1.2026545,17.00614
5232,住友大阪セメント,3887,123100,123457503232,0.6447439,9.372137
5261,リソルホールディングス,7810,11300,43401715712,2.5595162,19.267775
5262,日本ヒューム,1437,337100,66872078336,1.5274608,23.472721
5269,日本コンクリート工業,338,119900,18353625088,0.4659344,0.0
5288,アジアパイルホールディングス,1490,250100,56752381952,1.1619828,10.845829
5302,日本カーボン,4460,67500,49315545088,0.919797,12.077229
5310,東洋炭素,5270,228700,110523580416,1.1635041,14.771008
5331,ノリタケ,5980,70000,164437458944,1.0735198,13.774041
5334,日本特殊陶業,6770,1309100,1337706414080,1.8637292,14.005544
5344,ＭＡＲＵＷＡ,44550,115000,549690703872,4.0609837,30.211584
5351,品川リフラ,2155,43600,98339373056,1.0642327,10.672544
5352,黒崎播磨,4175,26900,140598591488,1.3801361,7.3529415
5357,ヨータイ,1883,35200,34526076928,1.0412911,15.649934
5384,フジミインコーポレーテッド,2420,162400,179523485696,2.2590094,18.450747
5393,ニチアス,7218,292500,459186044928,2.0805721,15.337542
5408,中山製鋼所,641,262200,34752192512,0.32291865,8.284864
5410,合同製鐵,4080,48900,59668570112,0.43043402,5.3561583
5423,東京製鐵,1555,663900,159419138048,0.74858725,10.245767
5440,共英製鋼,2569,80200,111645982720,0.5497419,10.01013
5444,大和工業,11230,153400,679893139456,1.3059297,30.39489
5445,東京鐵鋼,6290,46700,53066637312,0.87775666,5.2742796
5451,ヨドコウ,1400,220600,202558242816,1.0289245,14.749263
5461,中部鋼鈑,2298,83800,62255857664,0.8318528,0.0
5463,丸一鋼管,1498,464800,334144929792,0.9999753,11.641281
5471,大同特殊鋼,1876,3783700,375025926144,0.85738444,13.298136
5480,日本冶金工業,4815,120300,66707312640,0.6785819,7.1787457
5482,愛知製鋼,3095,161000,198139133952,0.921406,19.193798
5535,ミガロホールディングス,421,257600,27067471872,2.0420933,34.59326
5541,大平洋金属,2640,986100,45905682432,0.77225095,0.0
5563,新日本電工,367,440000,45635092480,0.6617966,16.369312
5602,栗本鐵工所,1772,326600,107547697152,1.2031153,14.4925165
5632,三菱製鋼,1929,84700,29169180672,0.6896603,9.727685
5659,日本精線,1220,29000,37469761536,0.90462977,14.727185
5702,大紀アルミニウム工業所,1283,191000,50771357696,0.7185916,476.95166
5703,日本軽金属ホールディングス,2629,317000,161932607488,0.68407106,12.437905
5707,東邦亜鉛,1059,2257100,14378844160,2.6856291,0.0
5715,古河機械金属,4410,1193600,144585703424,1.0965528,10.526316
5726,大阪チタニウムテクノロジーズ,2251,2216600,82833285120,1.8642286,13.624258
5727,東邦チタニウム,1545,1197100,109982515200,1.8866864,33.333336
5741,ＵＡＣＪ,2228,662500,403423428608,1.3556962,22.122927
5757,ＣＫサンエツ,4315,10100,36400492544,0.6746428,8.4175415
5805,ＳＷＣＣ,10990,200900,325383028736,3.676318,21.505587
5821,平河ヒューテック,2834,34600,41958969344,1.0308315,14.792776
5830,いよぎんホールディングス,2708,714000,787811794944,0.9341759,11.99035
5832,ちゅうぎんフィナンシャルグループ,2620,270600,465845321728,0.78425944,15.527969
5838,楽天銀行,6710,1648800,1170885181440,3.459417,18.7268
5844,京都フィナンシャルグループ,3511,478700,997333729280,0.80340326,24.038067
5851,リョービ,2795,108200,89319178240,0.5394898,13.735994
5852,アーレスティ,848,73400,21149786112,0.41819382,11.287103
5857,ＡＲＥホールディングス,3350,438000,256707821568,1.9276415,15.29052
5889,Ｊａｐａｎ　Ｅｙｅｗｅａｒ　Ｈｏｌｄｉｎｇｓ,2043,63900,49298046976,2.8981807,12.3302555
5901,東洋製罐グループホールディングス,3842,252800,577728020480,0.88182855,13.513418
5902,ホッカンホールディングス,2415,23200,29737113600,0.4932346,8.539604
5911,横河ブリッジホールディングス,3105,88500,122253623296,0.9402959,10.183332
5929,三和ホールディングス,4150,352200,879317155840,2.8202763,14.836796
5930,文化シヤッター,2094,220300,147289358336,1.3355588,10.869452
5932,三協立山,637,315600,19963258880,0.21545681,0.0
5933,アルインコ,1135,17700,22669643776,0.70365477,12.209553
5938,ＬＩＸＩＬ,1904,1341400,547299885056,0.85976255,58.476658
5943,ノーリツ,2062,65200,93426286592,0.7306598,16.025492
5946,長府製作所,2047,48300,69604098048,0.51578164,30.303478
5947,リンナイ,4060,291700,560591273984,1.3966677,17.094017
5949,ユニプレス,1347,136400,60069617664,0.45117977,0.0
5957,日東精工,741,133200,26899855360,0.77709204,13.071089
5959,岡部,964,94300,43972272128,0.7291403,0.0
5970,ジーテクト,2012,253600,86138937344,0.42291102,7.1072803
5975,東プレ,2437,89200,120433057792,0.5333262,6.5920095
5976,高周波熱錬,1306,57900,42699005952,0.7554513,27.174364
5981,東京製綱,1678,67200,26172622848,0.69449186,7.0721116
5988,パイオラックス,1765,57800,43126403072,0.68703777,53.194695
5989,エイチワン,1490,110600,41939308544,0.61501807,4.714742
5991,日本発條,2558,522200,518235357184,1.2649852,13.21008
6005,三浦工業,3173,261800,367155445760,1.6998329,12.936764
6013,タクマ,2482,146600,185878970368,1.717205,18.761812
6027,弁護士ドットコム,3270,93800,73937240064,12.077294,54.64572
6035,アイ・アールジャパンホールディングス,806,30700,14317287424,2.4332588,18.21469
6036,ＫｅｅＰｅｒ技研,3375,97600,92107866112,4.435082,18.832653
6047,Ｇｕｎｏｓｙ,551,121200,13164673024,1.2343799,166.46526
6050,イー・ガーディアン,1696,35100,19663161344,1.631527,20.78941
6055,ジャパンマテリアル,1519,693000,156113977344,2.7967882,16.892794
6058,ベクトル,1264,165400,59287212032,3.3067796,12.004939
6062,チャーム・ケア・コーポレーション,1326,91700,43318284288,2.125007,14.771082
6070,キャリアリンク,2652,22000,31496966144,2.1406121,13.476979
6071,ＩＢＪ,807,82900,30562535424,3.0449958,17.39224
6073,アサンテ,1621,17400,15841909760,1.5778797,32.258705
6078,バリューＨＲ,1437,58200,38372704256,5.9876494,62.505436
6080,Ｍ＆Ａキャピタルパートナーズ,3490,113500,110837440512,2.560703,22.222221
6088,シグマクシス・ホールディングス,887,635900,73425289216,5.1297474,17.093853
6089,ウィルグループ,1203,38700,27564185600,1.5267642,15.336562
6099,エラン,702,96900,42455617536,3.1353564,17.700455
6101,ツガミ,2933,149200,137141682176,2.0231326,10.504262
6104,芝浦機械,4375,56300,103455858688,0.8717873,17.88927
6118,アイダエンジニアリング,1225,111800,66530836480,0.8118965,12.870351
6134,ＦＵＪＩ,3728,257800,327741243392,1.4742532,22.57342
6135,牧野フライス製作所,10840,441500,253567549440,1.0868407,16.50175
6136,オーエスジー,2498,1106600,205225361408,1.134951,16.366375
6140,旭ダイヤモンド工業,844,81000,42256343040,0.67672235,17.45244
6141,ＤＭＧ森精機,2795,2277700,396314279936,1.2120574,51.548958
6143,ソディック,1022,698300,51764633600,0.61539495,11.778265
6151,日東工器,1833,16700,34303363072,0.5935556,67.11827
6167,冨士ダイス,948,46000,18560565248,0.9404734,50.749462
6183,ベルシステム２４ホールディングス,1469,219600,109213278208,1.5091169,12.361158
6184,鎌倉新書,638,183000,23654150144,6.6464567,28.093351
6191,エアトリ,794,183200,17818040320,1.1683961,10.030318
6194,アトラエ,721,124700,16458368000,3.2663896,14.618816
6196,ストライク,4270,62300,81995792384,3.8185518,17.361252
6197,ソラスト,857,1213400,78159560704,3.2923675,18.019344
6200,インソース,879,287300,73813000192,5.9116683,17.858593
6201,豊田自動織機,18005,343500,5410031927296,1.0093347,26.385204
6209,リケンＮＰＲ,3650,43800,98204418048,0.6714832,8.361204
6222,島精機製作所,1030,80700,34523783168,0.43759716,0.0
6235,オプトラン,1944,177500,77492830208,1.4451189,19.646286
6237,イワキポンプ,2590,18400,57455554560,1.507703,12.468708
6238,フリュー,1075,41900,28473784320,1.2632004,15.361531
6240,ヤマシンフィルタ,605,269000,42122858496,1.8842714,24.209684
6247,日阪製作所,1555,20300,40887074816,0.68153095,10.214807
6250,やまびこ,3120,225500,127638298624,1.1385337,9.578485
6254,野村マイクロ・サイエンス,3025,734600,115153256448,3.1274652,10.1008415
6258,平田機工,2506,304000,76748136448,1.0881629,12.00479
6264,マルマエ,2258,182300,28591460352,3.443921,21.09689
6266,タツモ,2173,149500,31441805312,1.2153536,8.291994
6268,ナブテスコ,3899,764400,458691772416,1.7188712,37.73713
6269,三井海洋開発,14290,5479700,976588177408,4.6203384,25.839933
6272,レオン自動機,1492,37600,40184893440,1.0041201,10.834361
6277,ホソカワミクロン,5760,19400,84303290368,1.2541587,18.832146
6278,ユニオンツール,9030,255000,155991703552,2.0514565,27.777779
6279,瑞光,1009,40900,26718234624,0.7895013,113.62612
6282,オイレス工業,2438,39100,71005085696,0.92746764,12.345554
6284,日精エー・エス・ビー機械,6350,24100,95193538560,1.6165185,12.300004
6287,サトー,2385,41100,77429350400,0.96994,10.787462
6289,技研製作所,2024,147500,51340869632,1.320046,36.363636
6293,日精樹脂工業,888,25600,17081873408,0.4392017,0.0
6294,オカダアイヨン,2401,29800,19336388608,1.1132703,12.150809
6298,ワイエイシイホールディングス,1048,78900,19267045376,1.1487802,21.45782
6306,日工,814,44400,31368851456,0.883679,17.183872
6309,巴工業,1838,140400,54331400192,1.2874043,13.605744
6310,井関農機,1858,103600,42043269120,0.5718822,46.942898
6315,ＴＯＷＡ,2513,5271600,188541911040,2.9537218,30.67627
6323,ローツェ,2533,1524200,439386767360,3.5273185,23.867168
6328,荏原実業,2222,33900,52923781120,2.0185282,13.986279
6330,東洋エンジニアリング,4665,9802800,273362321408,5.076175,0.0
6331,三菱化工機,3265,267700,74325213184,1.862787,12.1655855
6332,月島ホールディングス,2965,196100,116561526784,1.2612673,7.241068
6333,帝国電機製作所,3100,43700,51503144960,1.5852487,11.074198
6339,新東工業,1119,67400,58766340096,0.48582065,18.832045
6340,澁谷工業,3485,22500,96417259520,0.8904082,9.587609
6345,アイチ　コーポレーション,1389,134200,89673637888,1.2557738,16.339254
6349,小森コーポレーション,1599,111800,84841545728,0.72749543,11.709996
6351,鶴見製作所,2175,34200,104327913472,1.0698895,13.038005
6358,酒井重工業,2170,26200,18608605184,0.6194197,32.893738
6363,酉島製作所,2066,49900,54370152448,0.99479103,15.503528
6364,ＡＩＲＭＡＮ,1850,32700,50157391872,1.1870563,10.162602
6368,オルガノ,13945,155700,641226702848,4.9847383,23.25562
6369,トーヨーカネツ,2529,55800,39334572032,0.99889725,10.638119
6370,栗田工業,6862,326900,750886453248,2.233817,33.670265
6371,椿本チエイン,2345,143200,228582047744,0.89940715,10.810935
6376,日機装,1698,148100,112522608640,0.7617899,16.259695
6379,レイズネクスト,2493,101900,134658170880,1.5454504,12.594726
6381,アネスト岩田,1709,80500,67311042560,1.4190757,15.872574
6383,ダイフク,5201,1744400,1912411389952,4.5368743,33.112625
6387,サムコ,4455,34400,35784404992,2.6389818,21.096746
6390,加藤製作所,1370,133800,15281089536,0.3686652,0.0
6395,タダノ,1106,365600,139547803648,0.7101379,24.388094
6406,フジテック,5670,59000,442553401344,2.8962157,28.571428
6407,ＣＫＤ,3350,594200,223840059392,1.5848542,17.824837
6412,平和,2070,296400,204158238720,0.81537384,16.393442
6413,理想科学工業,1255,42700,79450267648,1.222357,19.763779
6417,ＳＡＮＫＹＯ,2573,649800,508622995456,2.0406625,9.950114
6418,日本金銭機械,1030,55100,27909109760,0.830934,6.0350385
6419,マースグループホールディングス,3240,29300,59793346560,0.7328513,8.278188
6420,ガリレイ,3845,36200,154157858816,1.4677786,12.209838
6430,ダイコク電機,2904,26100,42281721856,0.8618896,6.711347
6432,竹内製作所,7100,255700,327970717696,1.9420099,12.5
6436,アマノ,4255,144000,302032519168,2.3221066,17.035673
6440,ＪＵＫＩ,512,124200,15273969664,0.5030329,0.0
6445,ジャノメ,1191,18200,21355202560,0.61961126,36.500153
6448,ブラザー工業,3175,477900,797025304576,1.1296427,14.770877
6454,マックス,6800,89500,305690312704,2.9119112,23.923447
6455,モリタホールディングス,2820,61300,120501092352,1.2146074,12.970288
6457,グローリー,4114,76400,219197046784,1.014104,19.762693
6458,新晃工業,1433,152400,97413079040,1.6085906,13.966862
6459,大和冷機工業,1590,30800,78487945216,1.130879,14.771461
6460,セガサミーホールディングス,2496,867600,524932710400,1.386634,30.486017
6463,ＴＰＲ,1348,89400,87804911616,0.5452468,8.5838
6464,ツバキ・ナカシマ,355,194900,13579795456,0.23185188,0.0
6465,ホシザキ,5387,426600,762781106176,2.0639255,19.304785
6474,不二越,4730,128800,103011622912,0.65516216,24.449497
6480,日本トムソン,875,244500,61021077504,0.774507,18.97636
6481,ＴＨＫ,4057,798900,454478757888,1.4355035,68.4957
6486,イーグル工業,2950,55700,133807185920,1.1104791,19.267193
6490,ＰＩＬＬＡＲ,5280,66800,122855735296,1.6182271,14.836879
6498,キッツ,1838,265100,159695142912,1.4259635,13.850792
6507,シンフォニアテクノロジー,9710,117600,273941282816,3.311745,22.62454
6508,明電舎,5840,167300,264930197504,1.858742,14.388489
6516,山洋電気,4160,47700,147743653888,1.2547762,19.684853
6517,デンヨー,3550,20000,72232861696,0.94376117,14.662757
6523,ＰＨＣホールディングス,1178,227600,149028634624,1.0161647,25.771166
6525,ＫＯＫＵＳＡＩ　ＥＬＥＣＴＲＩＣ,5976,5919800,1395034947584,6.696954,41.667828
6533,Ｏｒｃｈｅｓｔｒａ　Ｈｏｌｄｉｎｇｓ,1090,54200,10282915840,1.6086352,57.794273
6535,アイモバイル,511,160000,28640104448,1.9441116,9.949377
6539,ＭＳ－Ｊａｐａｎ,1053,43500,26168573952,2.967635,25.318586
6544,ジャパンエレベーターサービスホールディングス,1750,1109200,311789125632,15.211421,49.744247
6560,エル・ティー・エス,2200,6300,9792055296,2.1080854,11.904761
6564,ミダックホールディングス,1931,41000,53439225856,3.2764688,18.51923
6571,キュービーネットホールディングス,1404,23800,18591547392,1.2669983,18.381777
6572,オープングループ,303,188400,16883745792,1.5900338,42.024963
6584,三櫻工業,863,163700,30902800384,0.66841453,12.063181
6586,マキタ,4980,1013900,1317264949248,1.3888974,16.666668
6588,東芝テック,2816,96000,149215248384,1.5166465,0.0
6590,芝浦メカトロニクス,21280,414300,279362338816,5.708145,24.154644
6592,マブチモーター,1458,1033300,358245203968,1.1441181,39.067524
6594,ニデック,2075,4506700,2378592944128,1.3519033,19.801508
6615,ユー・エム・シー・エレクトロニクス,355,376800,9989605376,0.63017905,0.0
6616,トレックス・セミコンダクター,1474,60600,15613252608,0.8920839,0.0
6617,東光高岳,4020,34100,64529481728,1.0291783,13.12353
6619,ダブル・スコープ,153,1481000,8403523072,0.19468819,0.0
6620,宮越ホールディングス,886,59500,35452391424,1.379899,153.81944
6622,ダイヘン,10820,122600,258676178944,1.7902583,20.161366
6630,ヤーマン,729,142200,40110444544,1.63376,0.0
6632,ＪＶＣケンウッド,1259,648400,182012575744,1.4081956,11.261624
6638,ミマキエンジニアリング,1642,86500,47507304448,1.367432,8.3964
6644,大崎電気工業,1226,113300,54675812352,1.0584395,15.823438
6651,日東工業,4110,73700,155922268160,1.3637558,15.128648
6652,ＩＤＥＣ,2916,89100,86104793088,1.3019745,38.167538
6653,正興電機製作所,2349,46300,31771463680,1.8473923,18.484419
6699,ダイヤモンドエレクトリックホールディングス,584,49800,4969752576,0.4360578,2.6164875
6703,沖電気工業,2130,477200,184770576384,1.270407,17.3016
6706,電気興業,2709,27100,23616720896,0.6762971,18.382303
6707,サンケン電気,6526,124100,130459475968,1.0586923,98.03215
6718,アイホン,3050,35700,49919131648,0.7453287,17.952793
6727,ワコム,795,278400,106967351296,3.2125237,18.280064
6728,アルバック,7565,288300,372525465600,1.7100751,22.32156
6737,ＥＩＺＯ,2273,88200,89860423680,0.709952,21.413094
6740,ジャパンディスプレイ,21,267992400,81488265216,-31.96347,0.0
6741,日本信号,1331,123400,83015729152,0.7938392,10.039978
6742,京三製作所,619,95000,38728187904,0.7594151,8.116968
6744,能美防災,3900,69800,229565825024,1.7807676,21.59827
6745,ホーチキ,4455,36500,110788689920,1.7967674,13.210177
6750,エレコム,1686,216300,137535062016,1.5159144,12.722608
6754,アンリツ,2222,609900,284389474304,2.277685,26.738869
6763,帝国通信工業,2700,9200,25033406464,0.92062503,14.513788
6768,タムラ製作所,621,361700,49385656320,0.8168989,23.585264
6779,日本電波工業,1005,185100,23126528000,0.7710384,19.491854
6785,鈴木,2376,51100,34102388736,1.2171352,12.345422
6787,メイコー,10100,176500,259179249664,2.2296717,14.409222
6788,日本トリム,5020,10700,37285548032,1.6271231,18.761446
6794,フォスター電機,2682,210300,60258750464,0.9701784,14.409284
6798,ＳＭＫ,2720,15900,17218371584,0.59308255,0.0
6800,ヨコオ,2192,34600,51096842240,0.9567085,17.123663
6804,ホシデン,2474,205200,122680057856,0.8814933,35.337807
6806,ヒロセ電機,17390,95000,574391189504,1.5432726,18.939436
6807,日本航空電子工業,2518,176200,169741811712,1.2400318,21.007843
6809,ＴＯＡ,1610,206500,48454438912,1.0030934,15.823096
6810,マクセル,2366,201900,102035152896,1.0682318,25.38082
6814,古野電気,8460,712500,267318951936,3.260166,16.129032
6817,スミダコーポレーション,1144,218900,37821288448,0.6416149,21.50376
6820,アイコム,2983,20000,42812899328,0.6329337,18.349018
6823,リオン,2691,16700,33180884992,1.0189438,10.649834
6844,新電元工業,3445,32700,35556442112,0.5315738,32.787666
6845,アズビル,1418,946200,719588818944,3.1223173,16.977858
6849,日本光電工業,1777,564100,288648757248,1.6680117,16.181156
6850,チノー,1384,73100,23525437440,1.0646932,12.886406
6856,堀場製作所,16470,149600,691675725824,2.1359437,19.120481
6859,エスペック,3330,99400,72151736320,1.2573388,13.315739
6866,日置電機,6110,33800,82722013184,2.030687,14.1242285
6869,シスメックス,1577,3224800,982754918400,2.0380023,21.051928
6871,日本マイクロニクス,7750,1085900,300422758400,5.2549925,30.210892
6875,メガチップス,7930,75500,122866991104,0.755939,49.999996
6905,コーセル,1083,149500,44548296704,0.80197865,0.0
6908,イリソ電子工業,3215,60900,68641869824,0.9670322,19.083517
6914,オプテックスグループ,2473,138700,88089894912,1.647957,14.408902
6923,スタンレー電気,3175,712300,401404526592,0.9380966,15.576706
6925,ウシオ電機,2742,880400,223603523584,1.2121947,54.643284
6929,日本セラミック,3760,67500,79685533696,1.7244068,13.071895
6941,山一電機,5740,174200,105600950272,2.5443554,18.450068
6947,図研,5170,65400,109298122752,2.7784228,19.801601
6951,日本電子,5149,166400,263536001024,1.8326178,14.9476
6958,日本シイエムケイ,523,480100,37286391808,0.50206536,13.869
6961,エンプラス,8690,86200,77083770880,1.3375167,18.939478
6962,大真空,583,69000,18541934592,0.50299597,40.969784
6965,浜松ホトニクス,1673,2421700,495527362560,1.5550358,35.335728
6966,三井ハイテック,755,2598700,137975988224,1.2142774,14.792319
6986,双葉電子工業,648,614700,27485222912,0.35021043,98.03328
6995,東海理化電機製作所,3200,106100,272347987968,0.8185159,7.621951
6996,ニチコン,1564,309400,105036709888,0.93489784,30.76923
6997,日本ケミコン,1471,324500,32844634112,0.5879303,263.14847
6999,ＫＯＡ,1384,177700,51400151040,0.64573866,25.84018
7003,三井Ｅ＆Ｓ,6470,9710700,652798001152,3.4187746,26.882168
7033,マネジメントソリューションズ,1376,85900,21633607680,4.0989347,14.045115
7034,プロレド・パートナーズ,605,55900,6606294016,0.9586497,0.0
7038,フロンティア・マネジメント,567,166900,6673522176,2.9646902,0.0
7059,コプロ・ホールディングス,1016,61500,38864478208,4.4940443,19.882584
7071,アンビスホールディングス,457,425600,44572966912,1.2335814,12.18017
7085,カーブスホールディングス,799,132600,73556959232,3.648835,17.094564
7088,フォーラムエンジニアリング,1699,66700,89521225728,6.91871,28.411371
7092,Ｆａｓｔ　Ｆｉｔｎｅｓｓ　Ｊａｐａｎ,2311,38000,43341910016,2.953853,18.726196
7095,Ｍａｃｂｅｅ　Ｐｌａｎｅｔ,1600,105600,22293342208,1.6951828,7.9617834
7102,日本車輌製造,3850,23200,55553916928,0.7846155,6.0024014
7128,フルサト・マルカホールディングス,2330,45700,56028569600,0.7793054,20.367132
7130,ヤマエグループホールディングス,2648,46000,73418964992,0.8003117,9.606036
7148,ＦＰＧ,2029,884400,169894903808,2.977479,9.389606
7157,ライフネット生命保険,1960,240900,157467033600,1.6039096,21.505377
7164,全国保証,3200,241800,425147072512,1.8482889,13.679891
7167,めぶきフィナンシャルグループ,1101,1895100,1033346875392,1.0096786,15.17365
7172,ジャパンインベストメントアドバイザー,2051,236100,124185452544,1.7595303,14.598904
7173,東京きらぼしフィナンシャルグループ,9290,111300,281404407808,0.70673364,10.319929
7180,九州フィナンシャルグループ,1086,1472400,466457722880,0.6309761,12.853593
7181,かんぽ生命保険,5033,666200,1833330933760,0.4919388,12.254986
7182,ゆうちょ銀行,2316,8368300,8280612536320,0.89330715,19.267237
7184,富山第一銀行,1941,100400,121993560064,0.6943486,12.09195
7187,ジェイリース,1468,47000,26323847168,3.937747,11.223241
7189,西日本フィナンシャルホールディングス,3409,391000,474818052096,0.8149914,13.280093
7198,ＳＢＩアルヒ,914,114500,40594587648,0.96711385,22.423946
7199,プレミアグループ,1953,138300,76250136576,3.3331513,16.695162
7220,武蔵精密工業,2664,431100,174607712256,1.4697242,19.084461
7224,新明和工業,2052,157600,135618248704,1.1916564,15.822346
7226,極東開発工業,3250,114800,124941475840,1.1337086,98.03921
7231,トピー工業,3270,43000,72117379072,0.5282099,11.627907
7236,ティラド,8110,30300,46499586048,1.0086082,6.6844697
7238,曙ブレーキ工業,121,1333100,32843073536,0.7145684,0.0
7239,タチエス,2116,75500,72615469056,0.765308,5.753752
7240,ＮＯＫ,2901,254900,474131759104,0.79172516,15.7724495
7241,フタバ産業,1070,248600,95370788864,0.77606475,8.695652
7242,カヤバ,4530,59500,192206831616,0.8578186,8.190053
7244,市光工業,520,115600,50049785856,0.6917617,8.79567
7245,大同メタル工業,1035,220500,48505724928,0.65328455,12.578999
7246,プレス工業,853,326800,84674519040,0.7473245,13.985899
7250,太平洋工業,3205,99800,183360569344,1.0553873,13.985861
7259,アイシン,3001,1441100,2176818085888,1.089078,13.587178
7276,小糸製作所,2365,557200,632562778112,1.0396719,14.66303
7278,エクセディ,5770,126100,210885705728,1.1512258,17.271313
7280,ミツバ,1119,249500,51455946752,0.50051016,5.564949
7282,豊田合成,4053,866500,515760717824,0.91552943,11.248647
7283,愛三工業,2275,70500,129738145792,0.98906124,10.593221
7294,ヨロズ,1040,20100,21419399168,0.4845268,0.0
7296,エフ・シー・シー,3785,86000,183327899648,0.9684671,10.729674
7309,シマノ,16720,229500,1445702926336,1.7627755,40.650604
7313,テイ・エス　テック,1910,289100,224256032768,0.7447683,42.36912
7322,三十三フィナンシャルグループ,4655,62300,121109831680,0.54658866,12.83713
7327,第四北越フィナンシャルグループ,1744,715600,457298804736,0.8657141,12.180472
7337,ひろぎんホールディングス,1659,846500,496902569984,0.9120908,13.210476
7347,マーキュリアホールディングス,818,27400,15826765824,0.9667556,227.22223
7350,おきなわフィナンシャルグループ,4965,60700,105977012224,0.6592742,11.337946
7354,ダイレクトマーケティングミックス,298,390900,13837395968,0.9452695,13.13933
7366,ＬＩＴＡＬＩＣＯ,1294,85100,45499412480,3.4992454,15.949711
7380,十六フィナンシャルグループ,7420,102900,262830047232,0.58942956,12.180308
7381,ＣＣＩグループ,900,900800,203187486720,0.8313481,19.267822
7383,ネットプロテクションズホールディングス,547,440800,54388211712,2.6880531,29.583559
7384,プロクレアホールディングス,2340,105700,66226442240,0.39929125,89.27891
7388,ＦＰパートナー,2148,56000,49318707200,4.3841834,16.920048
7389,あいちフィナンシャルグループ,4945,156900,240981278720,0.6058886,20.243164
7414,小野建,1458,62700,35756142592,0.37080356,15.504041
7419,ノジマ,1239,912300,358845710336,1.5881175,10.162402
7420,佐鳥電機,1894,55500,27186270208,0.82185173,10.764421
7421,カッパ・クリエイト,1571,84000,77532585984,6.8370934,59.870426
7433,伯東,3945,68500,74272841728,1.1199667,16.286846
7438,コンドーテック,1566,21200,40111054848,1.076518,12.5
7447,ナガイレーベン,1844,50900,55231074304,1.4593331,22.174122
7456,松田産業,5620,116800,145231560704,1.4202048,13.333333
7458,第一興商,1708,227700,176567746560,1.4959819,12.150529
7459,メディパルホールディングス,2847,394300,582777176064,0.9373401,14.513662
7466,ＳＰＫ,2410,6600,24332951552,0.87797046,9.242215
7467,萩原電気ホールディングス,3730,26500,37183332352,0.7345581,13.947053
7475,アルビス,2714,6700,22676307968,0.7053064,15.3376665
7476,アズワン,2470,100200,176476078080,2.5261617,20.284143
7482,シモジマ,1394,17400,32606545920,0.91511726,14.04534
7483,ドウシシャ,3370,44000,119520518144,1.307979,15.197294
7504,高速,3035,17300,59347013632,1.4266455,16.36648
7508,Ｇ‐７ホールディングス,1430,40400,62517608448,1.8424392,12.165036
7510,たけびし,2285,20500,36621672448,0.87963074,13.123134
7513,コジマ,1179,196900,91252719616,1.313393,19.378698
7516,コーナン商事,4000,81700,113000079360,0.65811664,8.326395
7520,エコス,3050,12300,34266757120,1.1896529,7.6862984
7522,ワタミ,970,35800,38901809152,1.5042073,11.778993
7525,リックス,3815,10000,30924165120,1.1640066,10.638298
7532,パン・パシフィック・インターナショナルホールディングス,925,7511900,2762678468608,4.483914,30.679934
7537,丸文,1360,91500,35612200960,0.65396285,11.389331
7545,西松屋チェーン,2107,322700,126516199424,1.2968764,15.128886
7550,ゼンショーホールディングス,8748,394000,1368737185792,5.2890124,38.02321
75505,ゼンショーホールディングス第１回社債型種類株式,5038,300,0,3.0459585,0.0
7552,ハピネット,2904,236400,127528673280,2.0973732,14.306123
7554,幸楽苑,1155,51500,22071357440,3.597548,25.0
7575,日本ライフライン,1602,98200,112390307840,1.8431886,11.641596
7581,サイゼリヤ,6290,852500,309124759552,2.667577,27.777777
7593,ＶＴホールディングス,538,199800,62545281024,0.8675516,11.274098
7595,アルゴグラフィックス,1608,152400,110486478848,2.5618272,17.482061
7596,魚力,2359,8600,32925650944,1.8137853,24.272043
7599,ＩＤＯＭ,1338,503300,134344876032,1.6256053,11.074326
7600,日本エム・ディ・エム,508,73200,13387595776,0.5504997,0.0
7606,ユナイテッドアローズ,2447,251700,67586940928,1.8035109,19.231375
7607,進和,3160,13000,42348703744,0.97432286,12.7878275
7609,ダイトロン,2513,78400,52937515008,1.594263,10.822567
7611,ハイデイ日高,3340,92400,120251179008,5.0820274,26.384392
7613,シークス,1306,98300,61535821824,0.6240551,12.314945
7616,コロワイド,1771,347800,188268118016,2.420831,136.96829
7628,オーハシテクニカ,1218,14500,31152848896,0.8146242,13.75494
7630,壱番屋,919,220000,146677284864,4.6317296,48.779194
7637,白銅,2388,8000,27084001280,1.1412923,15.948709
7649,スギホールディングス,3692,1443200,668152102912,2.3816805,16.2072
7679,薬王堂ホールディングス,2086,54100,40574767104,1.0250725,9.191047
7683,ダブルエー,1390,71600,26519695360,2.4447513,26.177025
7701,島津製作所,4305,1127900,1243892154368,2.4200008,22.321892
7715,長野計器,2533,51500,47045046272,1.043675,9.066179
7717,ブイ・テクノロジー,3095,109600,29258006528,0.88200915,38.022114
7718,スター精密,2196,151600,105109282816,1.0689358,24.270555
7721,東京計器,6370,278900,104680112128,2.5623605,22.883213
7723,愛知時計電機,2734,33600,42108121088,0.87063354,10.764203
7725,インターアクション,1350,108900,13628780544,1.2953678,15.082113
7729,東京精密,11760,276400,477187604480,2.6664271,22.123978
7730,マニー,1478,230600,145586847744,2.7181509,31.346766
7734,理研計器,3210,52500,146458869760,1.8220539,17.300852
7739,キヤノン電子,3645,206600,149090828288,1.2143997,20.618849
7740,タムロン,1052,346300,169538994176,2.0918465,12.852779
7743,シード,583,40300,17644953600,0.9553305,12.835755
7744,ノーリツ鋼機,1892,203300,197970427904,0.9006847,17.513655
7745,Ａ＆Ｄホロンホールディングス,2151,130900,58910253056,1.3353796,9.216728
7747,朝日インテック,2953,755500,783502737408,5.313856,62.896698
7762,シチズン時計,1317,1096000,321341685760,1.2196659,13.680275
7769,リズム,4045,29100,33387134976,1.0202205,44.053585
7780,メニコン,1605,425500,118970564608,1.3753685,24.037743
7817,パラマウントベッドホールディングス,3505,17500,196580327424,1.4317576,21.645157
7818,トランザクション,1135,123900,64103309312,3.2600985,16.026546
7820,ニホンフラッシュ,836,26500,19024650240,0.6629491,0.0
7821,前田工繊,1982,68800,132922507264,1.8888279,14.184499
7826,フルヤ金属,3715,224700,91299987456,1.4155254,14.164252
7839,ＳＨＯＥＩ,1819,264000,94585044992,2.9680128,15.1280775
7840,フランスベッドホールディングス,1329,36600,44352258048,1.1326486,18.97487
7844,マーベラス,520,47000,31498047488,1.224558,34.120735
7846,パイロットコーポレーション,4819,124900,179262717952,1.2751646,13.35125
7856,萩原工業,1713,40900,23954124800,0.7785359,13.831247
7860,エイベックス,1248,123600,53044244480,1.072446,125.0501
7864,フジシールインターナショナル,3195,83700,170309042176,1.1480218,10.965063
7867,タカラトミー,2875,613100,255532072960,2.3405097,16.025642
7868,広済堂ホールディングス,459,445200,64857411584,1.3225836,15.871369
7874,レック,1044,33800,34168604672,0.9400662,16.05166
7888,三光合成,913,125600,27831676928,0.84566474,7.21511
7893,プロネクサス,1160,21900,29254828032,1.1776386,0.0
7914,共同印刷,1645,128100,46410711040,0.71622574,12.360986
7915,ＮＩＳＳＨＡ,1282,229200,60697079808,0.5476435,0.0
7917,ＺＡＣＲＯＳ,1150,77600,83083051008,0.90113735,12.577929
7921,ＴＡＫＡＲＡ　＆　ＣＯＭＰＡＮＹ,4600,24100,59365457920,1.9304752,14.367816
7925,前澤化成工業,2303,39500,34206437376,0.8004877,17.825077
7931,未来工業,3405,14200,55010582528,1.0345196,11.876526
7936,アシックス,4142,3147900,2968556929024,10.873246,39.36888
7942,ＪＳＰ,2533,65800,66382827520,0.6603022,12.406936
7943,ニチハ,3240,51600,107580547072,0.8984148,32.681057
7944,ローランド,3795,205000,99967352832,2.4917386,16.638899
7947,エフピコ,2632,176300,212867678208,1.3532593,14.598702
7949,小松ウオール工業,2827,42900,49757642752,1.306798,18.518276
7952,河合楽器製作所,2943,26500,25316919296,0.5897668,31.747574
7955,クリナップ,883,35300,31845437440,0.54877305,18.519295
7956,ピジョン,1619,948400,193741127680,2.503633,20.575531
7962,キングジム,819,25600,23035338752,0.95861113,54.346386
7965,象印マホービン,1559,161300,98989187072,1.1158742,16.892405
7966,リンテック,4425,256300,289756479488,1.2114426,23.364487
7970,信越ポリマー,2047,91000,164063035392,1.3354036,16.051125
7972,イトーキ,2493,136500,123174027264,2.2451975,13.587313
7976,三菱鉛筆,2228,46300,123010498560,0.913784,10.881563
7979,松風,1870,65200,66552037376,1.4953839,14.663217
7981,タカラスタンダード,2976,67700,188523429888,1.0028968,14.08424
7984,コクヨ,900,844500,387218243584,1.5646459,20.3666
7988,ニフコ,4958,166900,462748450816,1.6803459,9.930499
7989,立川ブラインド工業,1954,30100,39278305280,0.71963805,12.886632
7990,グローブライド,2215,48000,48286203904,0.817887,9.460556
7994,オカムラ,2376,131400,224951599104,1.1871488,10.471111
7995,バルカー,4170,37800,73481322496,1.4333345,14.025292
8005,スクロール,1378,133500,46798671872,1.2624042,15.625354
8007,高島,868,84400,29668009984,1.2731416,16.695518
8008,ヨンドシーホールディングス,1819,96900,39062663168,0.99121094,26.248196
8011,三陽商会,4075,21800,43507372032,1.0943146,14.347076
8012,長瀬産業,4025,290800,416031768576,1.0649157,17.512943
8014,蝶理,4105,13800,101171118080,1.0725006,10.395037
8016,オンワードホールディングス,755,1534600,102684131328,1.1942083,11.1242075
8020,兼松,1875,566200,312105041920,1.6405947,11.012918
8022,美津濃,3430,438100,263372161024,1.6206124,15.45602
8032,日本紙パルプ商事,960,239800,112470654976,0.88463366,42.742657
8037,カメイ,3190,24000,97612816384,0.6079233,9.124192
8043,スターゼン,1276,69300,72872722432,0.8218483,5.941793
8050,セイコーグループ,7170,78000,293046747136,1.7985941,17.093813
8051,山善,1496,75800,127049080832,0.9955964,14.88113
8052,椿本興業,2939,25100,53961039872,1.1568817,11.654836
8056,ＢＩＰＲＯＧＹ,5497,278000,531117604864,3.072852,17.699144
8057,内田洋行,11000,49900,108506202112,1.53232,11.025358
8059,第一実業,3115,16800,99472482304,1.1839424,10.449163
8060,キヤノンマーケティングジャパン,6883,106100,742485590016,1.9097551,20.407982
8061,西華産業,2430,95600,87353860096,1.7567235,11.312323
8065,佐藤商事,2338,24400,48367480832,0.68463147,8.150033
8070,東京産業,1013,58400,26417674240,1.1273229,12.194534
8074,ユアサ商事,5510,24600,115884449792,1.0272721,11.350761
8075,神鋼商事,2617,24800,69147344896,0.73937,8.56909
8078,阪和興業,7550,98800,297823240192,0.76692516,7.23589
8079,正栄食品工業,4075,22000,68677603328,1.2318108,22.471601
8081,カナデン,2198,16100,49006256128,1.0100425,11.876587
8084,ＲＹＯＤＥＮ,3625,38500,78145085440,0.87364686,16.000177
8086,ニプロ,1474,342100,240484384768,1.006451,24.93658
8088,岩谷産業,1684,998200,387621126144,0.97246385,8.189865
8091,ニチモウ,2500,12900,21003972608,0.65571845,7.163324
8093,極東貿易,1949,58900,23552811008,0.79683334,6.4598455
8095,アステナホールディングス,485,150300,19579240448,0.7494364,0.0
8097,三愛オブリ,2161,77200,134692339712,1.1851298,19.267118
8098,稲畑産業,3815,71400,203654660096,0.93280756,10.204082
8101,ＧＳＩクレオス,2534,23700,31121942528,1.0199901,12.594434
8103,明和産業,952,120400,38265827328,0.98514926,10.752202
8111,ゴールドウイン,2601,502600,356412620800,3.1053417,15.015007
8113,ユニ・チャーム,890,7016000,1548541886464,2.0178478,18.903992
8125,ワキタ,1981,283300,98129313792,0.98715156,24.874435
8129,東邦ホールディングス,4704,117500,304357408768,1.1532272,15.600438
8130,サンゲツ,3150,101100,185125519360,1.6046507,14.727197
8132,シナネンホールディングス,6500,6300,70720479232,1.2808664,20.618557
8133,伊藤忠エネクス,1957,162600,220972826624,1.2527229,13.661431
8136,サンリオ,5112,10536700,1250650357760,8.71574,25.06251
8137,サンワテクノス,3000,33900,45675708416,0.94758946,19.157087
8141,新光商事,1060,84300,30265399296,0.6015635,37.884205
8142,トーホー,3950,85400,41981231104,1.3000456,10.615711
8150,三信電気,3155,46200,38625509376,0.91332686,8.223641
8151,東陽テクニカ,1773,46300,38204321792,1.3607948,32.049892
8153,モスフードサービス,4240,43100,130820710400,2.3113081,31.153563
8154,加賀電子,3895,82500,185632538624,1.1329904,8.3263855
8157,都築電気,3465,22900,63076597760,1.4051055,11.32501
8158,ソーダニッカ,1121,39800,25585321984,0.81249017,12.299759
8159,立花エレテック,3185,36000,72959811584,0.7275721,10.62694
8160,木曽路,2529,37000,71216545792,2.407347,17.857647
8163,ＳＲＳホールディングス,1235,86700,51068702720,2.9696279,68.955894
8167,リテールパートナーズ,1359,65600,58346233856,0.6668217,10.57094
8173,上新電機,2694,48200,69719867392,0.66928935,22.421972
8174,日本瓦斯,2931,329000,316756656128,4.9265056,24.095692
8179,ロイヤルホールディングス,1335,278600,131470311424,2.51106,26.593626
8185,チヨダ,1119,135300,37989478400,0.7480841,17.362297
8194,ライフコーポレーション,2508,149000,216986599424,1.4997587,12.062912
8200,リンガーハット,2311,120300,59886497792,4.2420406,52.084743
8203,ＭｒＭａｘＨＤ,818,255900,27261761536,0.7228677,9.336834
8214,ＡＯＫＩホールディングス,1852,120100,155865661440,1.1238499,17.952694
8217,オークワ,846,115600,34413654016,0.47368446,0.0
8218,コメリ,3470,70600,163416539136,0.6443546,11.338017
8219,青山商事,2623,287400,125086883840,0.7345553,13.908479
8227,しまむら,10585,388200,778072948736,1.4895085,18.214827
8237,松屋,1792,383100,92488171520,3.6218996,232.42542
8242,エイチ・ツー・オー　リテイリング,2110,305300,244061945856,0.8073453,18.314383
8255,アクシアル　リテイリング,1163,87100,103027294208,1.1317325,11.508016
8273,イズミ,3020,166900,213311422464,0.7403946,18.214716
8276,平和堂,2880,71700,142430601216,0.74966383,13.140485
8278,フジ,2061,336100,178579243008,0.81795937,45.246983
8281,ゼビオホールディングス,1090,70400,45106483200,0.37427488,0.0
8282,ケーズホールディングス,1625,411700,251151630336,1.0115486,22.830057
8283,ＰＡＬＴＡＣ,4931,92700,301194477568,1.019816,13.793007
8303,ＳＢＩ新生銀行,1982,20037300,0,1.5403638,14.451331
8334,群馬銀行,1811,972200,685654671360,1.1446463,14.164516
8336,武蔵野銀行,5130,70600,169539256320,0.6034563,11.933285
8337,千葉興業銀行,1796,109900,103088521216,0.56906575,18.553719
8338,筑波銀行,452,1620500,37250310144,0.3627029,17.09531
8341,七十七銀行,8058,211700,599250763776,0.92565113,13.6611
8343,秋田銀行,4310,79500,76602286080,0.44015703,9.990033
8344,山形銀行,2060,72900,64677834752,0.43073472,12.953531
8345,岩手銀行,5580,60700,96180879360,0.49507594,11.709651
8346,東邦銀行,559,686900,139687182336,0.6685931,15.269052
8358,スルガ銀行,1790,595200,306374541312,1.0256951,13.021023
8359,八十二銀行,1797,1228100,816876748800,0.79189414,14.346716
8360,山梨中央銀行,4290,74000,131460399104,0.5691838,14.662657
8361,大垣共立銀行,5220,198800,217330647040,0.62247956,12.004692
8362,福井銀行,2745,38900,64857620480,0.4427927,16.23396
8364,清水銀行,2511,36200,28363710464,0.36640888,13.315304
8366,滋賀銀行,7630,76400,353117732864,0.72833157,16.583712
8367,南都銀行,6210,65500,195076947968,0.64354014,13.404711
8368,百五銀行,1211,753200,293870895104,0.6120053,15.59964
8370,紀陽銀行,3400,118600,217876332544,0.8835534,11.520738
8377,ほくほくフィナンシャルグループ,4969,292200,603101396992,0.8831216,12.062729
8381,山陰合同銀行,1576,302200,237930479616,0.7390425,11.350378
8386,百十四銀行,7030,86300,199981416448,0.5646793,12.499999
8387,四国銀行,1892,98400,79014404096,0.45868468,12.047887
8388,阿波銀行,4610,78600,180029521920,0.4960584,12.787795
8392,大分銀行,6980,69000,105305391104,0.46724313,13.02093
8393,宮崎銀行,7080,74600,118818766848,0.5746617,10.298632
8395,佐賀銀行,4315,77200,72935407616,0.59227747,8.9365225
8399,琉球銀行,2009,236100,82384158720,0.5631718,10.976942
8410,セブン銀行,305,4818900,357821513728,1.3031069,19.601542
8418,山口フィナンシャルグループ,2242,617100,472397053952,0.71351033,11.668575
8424,芙蓉総合リース,4390,183700,395916214272,0.85261726,14.641142
8425,みずほリース,1447,253700,405430337536,1.0116837,8.968637
8439,東京センチュリー,2091,393500,1022001217536,0.99310005,7.593144
8473,ＳＢＩホールディングス,3555,3642100,2348628312064,1.5477854,8.244052
8511,日本証券金融,2095,137500,170144907264,1.2620763,18.518518
8515,アイフル,562,1752600,269196001280,1.171568,9.624936
8522,名古屋銀行,4640,149400,228276666368,0.76751256,13.946918
8524,北洋銀行,923,1850800,347505426432,0.8643836,14.143426
8541,愛媛銀行,1569,65600,61301952512,0.42992663,9.940446
8544,京葉銀行,1733,244800,208328900608,0.6575338,15.383932
8550,栃木銀行,793,741100,82577260544,0.52476317,0.0
8551,北日本銀行,4745,18700,38874165248,0.43217903,10.341295
8558,東和銀行,1151,149500,40788410368,0.44317076,6.7250953
8566,リコーリース,6030,28400,185871499264,0.77005917,13.62404
8570,イオンフィナンシャルサービス,1763,718400,380604153856,0.81248546,21.096087
8584,ジャックス,4370,101300,195603202048,0.66875404,9.017188
8585,オリエントコーポレーション,1092,455700,186935820288,0.7851641,11.376185
8593,三菱ＨＣキャピタル,1350,2917400,1938781372416,1.0581144,14.36855
8595,ジャフコ　グループ,2460,203800,129445437440,0.94847506,20.365925
8600,トモニホールディングス,811,719900,156091039744,0.5449009,12.391139
8609,岡三証券グループ,793,241400,158667177984,0.7516139,14.285715
8613,丸三証券,1048,194600,69348556800,1.4151033,15.243636
8614,東洋証券,700,868300,47541596160,1.724958,18.14882
8616,東海東京フィナンシャル・ホールディングス,716,760900,180188495872,0.9737178,14.45005
8622,水戸証券,570,91400,34333319168,0.84742236,15.527104
8624,いちよし証券,1102,222800,35322925056,1.2460904,19.494074
8628,松井証券,871,429500,224318128128,2.8188431,20.532768
8698,マネックスグループ,740,2590100,186010238976,1.5809264,0.0
8706,極東証券,1730,105600,55189352448,1.0465016,12.920091
8707,岩井コスモホールディングス,3485,63200,81858535424,1.1776851,10.03022
8708,アイザワ証券グループ,1422,58900,44279980032,0.9855105,16.721542
8713,フィデアホールディングス,2023,93100,36539248640,0.4311111,9.090909
8714,池田泉州ホールディングス,824,960500,229433901056,0.9365957,17.123857
8715,アニコム　ホールディングス,1058,316800,77909458944,2.7519119,31.544424
8729,ソニーフィナンシャルグループ,175,70930800,1187966746624,1.930438,0.99341506
8739,スパークス・グループ,1689,55000,66748133376,1.921528,11.454731
8771,イー・ギャランティ,1836,81500,82916270080,3.911101,24.568445
8793,ＮＥＣキャピタルソリューション,4135,14600,89087877120,0.7238679,11.507528
8798,アドバンスクリエイト,222,249200,8197001216,12.677746,0.0
8803,平和不動産,2260,164400,150974185472,1.2243271,14.451052
8818,京阪神ビルディング,1940,49400,92542885888,1.1874804,19.194618
8848,レオパレス２１,685,1601100,217627017216,7.2890177,24.385902
8850,スターツコーポレーション,4800,52300,231225966592,1.2685415,10.101009
8860,フジ住宅,824,32900,29495017472,0.52003753,5.6690745
8864,空港施設,1065,85200,53557219328,0.88787436,20.7886
8876,リログループ,1754,436600,264972943360,3.67819,13.605337
8877,エスリード,6830,18500,105382559744,1.3482583,11.560596
8881,日神グループホールディングス,773,59700,36102672384,0.5211276,9.090909
8892,エスコン,1227,206200,117391548416,1.5581348,10.132122
8897,ＭＩＲＡＲＴＨホールディングス,396,814300,53798809600,0.6743077,6.3737326
8919,カチタス,3225,156000,252308553728,5.084409,22.93578
8923,トーセイ,1787,180900,173284671488,1.6994834,11.709586
8934,サンフロンティア不動産,2485,97400,120605753344,1.1082746,7.2991624
8935,ＦＪネクストホールディングス,1503,40400,49226530816,0.6507057,6.67555
8999,グランディハウス,633,61900,18313873408,0.74894136,25.0
9003,相鉄ホールディングス,2859,118400,274377277440,1.4619733,13.888754
9006,京浜急行電鉄,1551,339600,416071712768,1.0880698,16.340076
9010,富士急行,2105,157100,111771279360,2.9517596,21.140905
9023,東京地下鉄,1600,2122200,928957464576,1.2838444,16.025642
9024,西武ホールディングス,4252,1042300,1082366230528,2.0232992,5.8858547
9025,鴻池運輸,3230,36100,171511758848,1.1482114,13.773987
9031,西日本鉄道,2875,149400,217082413056,0.848556,7.8801665
9037,ハマキョウレックス,1806,94300,133664833536,1.433372,14.103866
9039,サカイ引越センター,2940,50200,118887505920,1.2303026,14.005336
9041,近鉄グループホールディングス,3195,741400,607547621376,1.0778006,12.5
9042,阪急阪神ホールディングス,4081,821200,968241577984,0.8999322,13.812361
9044,南海電気鉄道,3012,168300,326803816448,1.0310047,14.124268
9045,京阪ホールディングス,3440,170600,347104116736,1.0919033,12.315184
9046,神戸電鉄,2557,4100,20230756352,0.8305931,16.23389
9048,名古屋鉄道,1715,870800,336363290624,0.71770376,10.23568
9052,山陽電気鉄道,2078,24300,46173286400,0.76893955,11.049665
9065,山九,8747,127700,444267855872,1.5506866,14.85892
9068,丸全昭和運輸,8300,17300,162089500672,1.1847783,16.474464
9069,センコーグループホールディングス,2026,437400,347275067392,1.5724478,20.661705
9072,ニッコンホールディングス,3500,209200,412977856512,1.736291,28.169014
9075,福山通運,4640,82500,170732273664,0.61028343,28.328959
9076,セイノーホールディングス,2400,458500,358289965056,0.8878981,17.391304
9081,神奈川中央交通,3800,7600,46630354944,0.7572813,14.814815
9090,ＡＺ－ＣＯＭ丸和ホールディングス,1006,160000,135491346432,2.200499,16.722075
9110,ＮＳユナイテッド海運,6660,125000,156947005440,0.9134545,7.651127
9119,飯野海運,1482,163000,156799975424,1.0477082,9.6711035
9142,九州旅客鉄道,4100,318500,630127198208,1.3373559,14.662757
9143,ＳＧホールディングス,1466,1579100,878375010304,1.6806568,16.181015
92025,ＡＮＡホールディングス,4980,500,0,1.979488,0.0
9216,ビーウィズ,1630,85300,23058546688,2.841865,51.549652
9229,サンウェルズ,380,88600,12324353024,1.7346053,0.0
9247,ＴＲＥホールディングス,1656,223100,79039717376,1.0042505,4.985099
9267,Ｇｅｎｋｙ　ＤｒｕｇＳｔｏｒｅｓ,4475,181100,136021721088,2.4604135,19.26803
9273,コーア商事ホールディングス,870,47300,36643098624,1.2926135,10.07061
9274,ＫＰＰグループホールディングス,863,170100,54501498880,0.65465826,8.210446
9278,ブックオフグループホールディングス,1529,77100,26828910592,1.4614125,14.084377
9279,ギフトホールディングス,3805,88700,76099043328,7.363927,40.98449
9301,三菱倉庫,1267,1424100,453291507712,1.1923463,14.748661
9302,三井倉庫ホールディングス,3816,166100,285606674432,2.2999036,92.598885
9303,住友倉庫,3635,117300,277025488896,0.9988247,12.936404
9304,澁澤倉庫,1311,48000,73632358400,1.1376011,13.550387
9305,ヤマタネ,2363,40100,50348941312,0.8470296,16.339373
9310,日本トランスシティ,1187,51900,74195214336,0.78640205,12.39169
9319,中央倉庫,1559,58500,28216846336,0.598755,15.6746435
9324,安田倉庫,2209,25300,63981375488,0.64479655,20.079992
9332,ＮＩＳＳＯホールディングス,720,49700,24323350528,1.4473147,15.05961
9336,大栄環境,4045,76800,404021411840,4.073256,28.818752
9341,ＧＥＮＯＶＡ,610,57000,10569184256,1.6175653,18.62027
9347,日本管財ホールディングス,2813,28800,102170828800,1.4412588,14.184146
9364,上組,5231,269200,523727437824,1.3450184,18.587215
9381,エーアイテイー,2239,21100,52602150912,2.708519,16.611025
9401,ＴＢＳホールディングス,6008,201200,941944012800,0.9383447,17.064789
9404,日本テレビホールディングス,3892,371000,963413606400,0.98666155,17.421665
9405,朝日放送グループホールディングス,856,66500,35771944960,0.4481746,6.207397
9409,テレビ朝日ホールディングス,3420,153700,343844519936,0.7550352,10.570889
9412,スカパーＪＳＡＴホールディングス,2086,761400,591255371776,2.0376446,27.932512
9413,テレビ東京ホールディングス,4485,63100,119417487360,1.133929,12.88645
9416,ビジョン,1267,176300,62317727744,3.135743,17.543617
9418,Ｕ－ＮＥＸＴ　ＨＯＬＤＩＮＧＳ,2026,526100,365439582208,3.7454083,19.880285
9424,日本通信,152,1948400,25355003904,5.947723,24.165342
94345,ソフトバンク第１回社債型種類株式,3801,4200,0,62.372826,0.0
94346,ソフトバンク第２回社債型種類株式,7651,14900,0,125.54972,0.0
9435,光通信,43760,115900,1922857828352,1.8136239,13.774087
9438,エムティーアイ,735,50400,40783519744,2.2149296,11.947334
9449,ＧＭＯインターネットグループ,3995,217400,400116219904,4.1021357,25.640203
9468,ＫＡＤＯＫＡＷＡ,3232,649500,473644072960,1.9045318,81.308174
9470,学研ホールディングス,1090,94500,45143535616,0.87504447,12.754505
9474,ゼンリン,1077,77100,57497366528,1.1835113,19.266546
9504,中国電力,1002,1261300,360306081792,0.48063615,3.228925
9505,北陸電力,978,544900,204501041152,0.47627828,2.9603531
9506,東北電力,1156,2325800,578619441152,0.54126006,3.51862
9507,四国電力,1564,460300,321687158784,0.68250954,4.1964045
9508,九州電力,1718,1915100,812241125376,0.74080044,4.7236733
9509,北海道電力,1109,3114400,227738222592,0.51435345,3.9984138
9511,沖縄電力,1106,130200,60072833024,0.46653435,10.009955
9513,電源開発,3245,780900,576241729536,0.43184927,5.524815
9517,イーレックス,626,254000,48844701696,0.7523713,24.568289
9519,レノバ,668,534600,60436033536,0.6479103,9.832205
9533,東邦瓦斯,4904,155300,455779811328,1.0100571,16.94892
9534,北海道瓦斯,804,127200,70941155328,0.77982163,6.0242767
9535,広島ガス,371,139400,25500899328,0.37168428,12.006473
9536,西部ガスホールディングス,2237,100000,80788987904,0.7650097,9.225122
9543,静岡ガス,1197,193700,90167140352,0.70670545,12.953143
9551,メタウォーター,3345,79500,146044338176,1.8534721,14.662692
9552,Ｍ＆Ａ総研ホールディングス,1172,184800,63347462144,12.41131,25.123257
9600,アイネット,2514,8100,38357585920,1.9197992,18.975016
9601,松竹,11830,35200,162595684352,1.5764867,39.216335
9603,エイチ・アイ・エス,1330,433600,99383279616,1.7801001,12.12066
9605,東映,5690,130300,355552362496,1.2535295,17.605743
9612,ラックランド,1878,60200,19300718592,1.6688899,46.50817
9616,共立メンテナンス,2995,543900,259016720384,2.0499501,17.452225
9619,イチネンホールディングス,2149,24300,50882777088,0.74456424,7.097328
9621,建設技術研究所,2986,29700,82696658944,1.3095968,14.705737
9622,スペース,1585,36600,38836830208,1.1633967,15.198006
9627,アインホールディングス,6509,118000,228291608576,1.577552,24.630114
9628,燦ホールディングス,1517,49000,31255023616,0.8276628,6.648843
9629,ピー・シー・エー,1953,14700,39161421824,2.1645718,24.752851
9644,タナベコンサルティンググループ,762,54300,24701681664,2.3388295,23.309881
9658,ビジネスブレイン太田昭和,3585,21200,38751268864,1.3108474,14.771323
9663,ナガワ,6220,17100,97195597824,1.6231983,24.509418
9672,東京都競馬,5670,55600,151342432256,1.5781655,15.082995
9678,カナモト,3985,76000,138381344768,0.9426018,12.690275
9682,ＤＴＳ,1259,291700,200620212224,3.4185388,17.635523
9684,スクウェア・エニックス・ホールディングス,2797,1428400,1008672571392,3.0243049,44.447094
9692,シーイーシー,2384,104200,74405748736,1.8323381,18.082525
9697,カプコン,3650,4505900,1526744350720,6.2268834,25.125628
9699,ニシオホールディングス,4650,26000,129095606272,0.93187624,10.66098
9702,アイ・エス・ビー,1772,14900,20312422400,1.4581783,11.97621
9706,日本空港ビルデング,4620,342500,428841598976,2.1780772,14.8366995
9715,トランス・コスモス,3925,46800,147080642560,1.2402134,11.454838
9716,乃村工藝社,1318,554500,147079299072,2.5424678,14.204117
9719,ＳＣＳＫ,5684,302600,1777806999552,5.631944,28.901205
9722,藤田観光,2717,301700,162802204672,5.3639784,17.211452
9729,トーカイ,2541,35700,78478376960,0.9748529,18.082834
9739,ＮＳＷ,2555,14400,38067908608,1.0457643,11.123689
9740,セントラル警備保障,3055,27400,42678538240,1.0915393,14.224519
9742,アイネス,1933,24100,40231706624,1.0550365,30.95772
9743,丹青社,1614,439800,76238282752,2.1245704,12.224495
9744,メイテックグループホールディングス,3607,231600,278484877312,5.9039783,19.684566
9746,ＴＫＣ,4300,56900,220542353408,2.0327232,18.348623
9755,応用地質,2947,87600,67154309120,0.88688844,14.684339
9757,船井総研ホールディングス,1157,269100,105153732608,4.6129985,23.14926
9759,ＮＳＤ,3479,156400,264803581952,4.019433,21.739674
9765,オオバ,1138,18900,18102380544,1.3340367,14.124364
9769,学究社,2458,9500,26714028032,3.4451923,15.431944
9788,ナック,547,36700,22880231424,1.0353985,15.17337
9790,福井コンピュータホールディングス,3255,40600,67297738752,2.4244437,16.051088
9793,ダイセキ,3420,215200,161719386112,2.028027,17.8889
9795,ステップ,2437,9300,38214909952,1.4015695,14.3058405
9824,泉州電業,5500,24600,94175617024,1.6131772,14.204545
9830,トラスコ中山,2429,91000,160169672704,0.8819889,9.242066
9831,ヤマダホールディングス,532,3331200,352305119232,0.56431353,13.717816
9832,オートバックスセブン,1645,143400,129182007296,0.96845317,12.902973
9837,モリト,1754,75400,43164610560,1.1304183,13.020562
9842,アークランズ,1847,239400,116035665920,0.9167573,12.077421
9850,グルメ杵屋,990,85500,22645282816,2.4811285,66.22073
9861,吉野家ホールディングス,3033,622400,196318117888,2.973786,46.298275
9869,加藤産業,6560,25400,201009446912,1.1954514,15.408465
9880,イノテック,2223,125900,27522265088,1.165269,22.522797
9882,イエローハット,1664,131800,143471968256,1.194317,12.853391
9887,松屋フーズホールディングス,6510,24500,124102164480,2.6573772,46.08197
9889,ＪＢＣＣホールディングス,1624,164900,111823323136,3.8934107,21.880894
9900,サガミホールディングス,1901,50400,57568927744,3.0519521,36.898293
9902,日伝,2577,21900,76120268800,0.86134225,15.060488
9928,ミロク情報サービス,1997,43100,59798478848,1.9649227,12.34545
9932,杉本商事,1434,24800,25063831552,0.7616203,14.903346
9934,因幡電機産業,2589,167600,289893810176,1.5849193,14.064961
9936,王将フードサービス,3235,117600,169346547712,2.7432086,22.074377
9946,ミニストップ,2144,203800,62193623040,2.0870183,0.0
9948,アークス,3430,135300,182758391808,0.9741136,15.723126
9956,バローホールディングス,3345,61400,176178348032,0.9893052,12.98676
9960,東テク,3830,49600,157728210944,2.4066315,13.2626915
9962,ミスミグループ本社,2581,1125600,693422391296,1.9716694,21.977179
9974,ベルク,7480,37700,155815313408,1.3445549,12.610426
9987,スズケン,6337,208300,436847345664,1.0924127,15.037612
9989,サンドラッグ,4202,381100,491562139648,1.771663,15.47983
9990,サックスバー　ホールディングス,812,119800,23593541632,0.79910403,10.857066
9991,ジェコス,1518,24800,51075248128,0.74710715,9.216758
9997,ベルーナ,999,128000,96146325504,0.6734538,10.060423
